{
  "creds": {
    "noiseKey": {
      "private": {
        "type": "Buffer",
        "data": "UNRZ4lFPB2xJKfOIACO0N/HRTdadTXZ7yIVxhwThwUE="
      },
      "public": {
        "type": "Buffer",
        "data": "jOC/ZoV5mw752flzNxLIm2qAdRV/S+HwDz6xxhcwx3c="
      }
    },
    "signedIdentityKey": {
      "private": {
        "type": "Buffer",
        "data": "OJi8EMmRyVsBphU1xKtSHAL2p5hKWvCrGFPCoMxcJk0="
      },
      "public": {
        "type": "Buffer",
        "data": "xf3mDD1pWGDKBGEFfK8KrvZOyc90hQAJ6LDFHRUiDlw="
      }
    },
    "signedPreKey": {
      "keyPair": {
        "private": {
          "type": "Buffer",
          "data": "UKI6ClXlPtBT/5rQU0VVpB2YHek9S5L7UUsE34D5JXM="
        },
        "public": {
          "type": "Buffer",
          "data": "bd/6uJgZ4g0IAbjNYU208UH56sV3caH8+vSR7c971hI="
        }
      },
      "signature": {
        "type": "Buffer",
        "data": "HnUu1103CFqlv30xAe62Y7K796loRuInLve9JF2iL1mejhbatV7k1pfavQmYbNFyyvZC1pnw9T2XI9iWiXFxCQ=="
      },
      "keyId": 1
    },
    "registrationId": 175,
    "advSecretKey": "eZ/KU+J8ucJdalzXmAXt9YXsoj1u2Pf0aLCeo5gasnY=",
    "processedHistoryMessages": [
      {
        "key": {
          "remoteJid": "6289529392896@s.whatsapp.net",
          "fromMe": true,
          "id": "DFBC2656763390DA8361590EEE70A9C6"
        },
        "messageTimestamp": 1672074332
      },
      {
        "key": {
          "remoteJid": "6289529392896@s.whatsapp.net",
          "fromMe": true,
          "id": "DE2C58A46A105797CBDB7C8D2255E44A"
        },
        "messageTimestamp": 1672074333
      },
      {
        "key": {
          "remoteJid": "6289529392896@s.whatsapp.net",
          "fromMe": true,
          "id": "FCDDCAC74BAED66411295906D35D8AFD"
        },
        "messageTimestamp": 1672074336
      }
    ],
    "nextPreKeyId": 31,
    "firstUnuploadedPreKeyId": 31,
    "accountSettings": {
      "unarchiveChats": false
    },
    "account": {
      "details": "CKrW3KAFENiop50GGAI=",
      "accountSignatureKey": "W6bkGfUYr4ADIx6fSBDU7UmTy1wWd07iYXrjGRU6rB4=",
      "accountSignature": "7wkaM8wzSnEtbkvqD3k66p9RSwfC2MppHysnIb/DMMKfoWqUP/66303qnvX+X+NRUvYICag2MOLCGz2BnWspAg==",
      "deviceSignature": "HR0Dcayo9PI1OXe4Fp0r5xdctj6oOSJv3doIY8LzEHexCE4+5UeYnqmVWHnNMeUOyW/FS49AR60sNkUbCFZGBg=="
    },
    "me": {
      "id": "6289529392896:2@s.whatsapp.net",
      "name": "NoozyBot"
    },
    "signalIdentities": [
      {
        "identifier": {
          "name": "6289529392896:2@s.whatsapp.net",
          "deviceId": 0
        },
        "identifierKey": {
          "type": "Buffer",
          "data": "BVum5Bn1GK+AAyMen0gQ1O1Jk8tcFndO4mF64xkVOqwe"
        }
      }
    ],
    "platform": "android",
    "lastAccountSyncTimestamp": 1672115473,
    "myAppStateKeyId": "AAAAANJo"
  },
  "keys": {
    "preKeys": {
      "1": {
        "private": {
          "type": "Buffer",
          "data": "GIT9tWnhKY9LyVYXqXfYGBGRdOgqmWbXhXog7RJOO08="
        },
        "public": {
          "type": "Buffer",
          "data": "iC7hLWvQagj0CsSqdQUqIHEv75OW8ts4zb3QGvjMwUE="
        }
      },
      "2": {
        "private": {
          "type": "Buffer",
          "data": "SCxWEbZgSw/TrL+6cKGDSkS/w2njPfh/M5f8nrJWgXc="
        },
        "public": {
          "type": "Buffer",
          "data": "/N9C2I+fDltbrKZWCg/VdIq5HtKsJAr8ETU/HDGjg1Y="
        }
      },
      "3": {
        "private": {
          "type": "Buffer",
          "data": "8J4TxByXoQGP3Ggsc1TUUNF33/EzpECRLQk+e7Xeakc="
        },
        "public": {
          "type": "Buffer",
          "data": "u6Z5e8WJSRh+Pm+IiHDHh6pFDpkwssDTYQdHMoQP+ls="
        }
      },
      "4": {
        "private": {
          "type": "Buffer",
          "data": "mIlEiNPAyMWeilIA7cmjYNvIpigsO8Np0GYxnsSKD28="
        },
        "public": {
          "type": "Buffer",
          "data": "ZFAKSafdxYmtKkZ7XcAY/7n1dsXqpouXO4hJappL12A="
        }
      },
      "5": {
        "private": {
          "type": "Buffer",
          "data": "WKWkSSZAh6CTfpFJIMgfT8MxnJehiMcSMUuZXz6rYlg="
        },
        "public": {
          "type": "Buffer",
          "data": "rm07mFJDKDxZH4n8xMAnmRM0jvz3XJ2f0LYYT/sZPVY="
        }
      },
      "6": {
        "private": {
          "type": "Buffer",
          "data": "+NE6Lx1sQh8aB52gwqBkz2/oNzVx+fAOwbNH3b/NdHM="
        },
        "public": {
          "type": "Buffer",
          "data": "RM0zpK+1FY59WMa6aZWJI6pJ4eA4dWyUUlg1x4km0xQ="
        }
      },
      "7": {
        "private": {
          "type": "Buffer",
          "data": "4N2p+AG7JjzQnH3edjrmxOOxE5LwGfcTIaFp32zovkk="
        },
        "public": {
          "type": "Buffer",
          "data": "RSXUnrwT+cyS78YwU8X2HjnTYWNMiPKl6JvoeireQUc="
        }
      },
      "8": {
        "private": {
          "type": "Buffer",
          "data": "KAQg1zVMwFL/Kfewp6l0K4bmMw2QMcxzH6mR+7HpbU4="
        },
        "public": {
          "type": "Buffer",
          "data": "YTGrtGqfbcLFz7Br6nv/dTsiNAHcjS0hbbxUeQxBiiA="
        }
      },
      "9": {
        "private": {
          "type": "Buffer",
          "data": "GJA0+u7zXpDBn/eZrPmiMAaIfG3MjYucgjPlCaivREc="
        },
        "public": {
          "type": "Buffer",
          "data": "W9aemGLveJ4wCg4+ljyaFbUrF2opruLOzCQK01XxSw8="
        }
      },
      "10": {
        "private": {
          "type": "Buffer",
          "data": "EPqPay7V3Ny/lvNjFSRXsqURXxwXPSQjq7wgPAmWPH0="
        },
        "public": {
          "type": "Buffer",
          "data": "yDZWW9jwDIZ+ZRqSPc9xpfxzLEuCrb7FFE/GpN1VCh4="
        }
      },
      "11": {
        "private": {
          "type": "Buffer",
          "data": "oEHXGPUUxKk0sDYeYGvP1Di0HwvRD31a0rTEHLo552I="
        },
        "public": {
          "type": "Buffer",
          "data": "Jm1QEP469zj6Uk6wK5wvdyHn8Y23MqIy6MEaboeTrlI="
        }
      },
      "12": {
        "private": {
          "type": "Buffer",
          "data": "EE2WbH6LwdVfMqDn7+o2mbVqFl5H1lW97eSlW9Kqtk0="
        },
        "public": {
          "type": "Buffer",
          "data": "xpTdp1qALp/vKt1WjPXChnxhF6HdOsAeajsI7EEh3nY="
        }
      },
      "13": {
        "private": {
          "type": "Buffer",
          "data": "4PX3esKP4i9lBCX4vqtn3oXjKGz3yF6Cs+2w6xkgKEY="
        },
        "public": {
          "type": "Buffer",
          "data": "CCb0ESx9zEkAhBBgqYiWGFZtWHhwiiWJghZy0x8YEVs="
        }
      },
      "14": {
        "private": {
          "type": "Buffer",
          "data": "QN+o80jO+auB9HJNvErjEbGCrqI3YHptSAO9n1o14no="
        },
        "public": {
          "type": "Buffer",
          "data": "z/KBe1gLOTRAn9jADFz7b4eNfTmNUrLaQjvh0axJVTM="
        }
      },
      "15": {
        "private": {
          "type": "Buffer",
          "data": "6PllNDOOEVP9Ypv+uN+CXr5ALXNsWTtGXZx4EoQQjGE="
        },
        "public": {
          "type": "Buffer",
          "data": "Sa6XoCLgnOeBWgptBINrsBpQSgUgIJA8iqbWfCIehCQ="
        }
      },
      "16": {
        "private": {
          "type": "Buffer",
          "data": "8Lrgiwlr0qrtjdMZSaG3QxTRXIR3U3peiYoVSjIzY3U="
        },
        "public": {
          "type": "Buffer",
          "data": "H+MG7K7PqwzABlqtDm7NhbtoPIMnzVakS5blm2caV3k="
        }
      },
      "17": {
        "private": {
          "type": "Buffer",
          "data": "UGQyNXUomnOL53opa4aPUI86bceoauCFTaExq1aTF2I="
        },
        "public": {
          "type": "Buffer",
          "data": "FKUW8E2KsVHfXX2IyMuvcvCa9B6zyid+BUgITJdN60s="
        }
      },
      "18": {
        "private": {
          "type": "Buffer",
          "data": "CGCsQNxahbf8XIRSo4ZJRa9S+94+1uuvkpK/cG44aWg="
        },
        "public": {
          "type": "Buffer",
          "data": "tVF05znXLE3POhBEroYRbgi8QdsB4J0vB2i+rnbnhEA="
        }
      },
      "19": {
        "private": {
          "type": "Buffer",
          "data": "gLzYDIqf031JR3Q+3gwSJfdtllCi0JxRds58+SagkkQ="
        },
        "public": {
          "type": "Buffer",
          "data": "VDOCtlEX03thc4IHz6optno+I22MHmpJ0G14PinOsAg="
        }
      },
      "20": {
        "private": {
          "type": "Buffer",
          "data": "AGTvsPulvYNGusRsmabGtAuxA+SOc29tLtQjNXqEZ1Q="
        },
        "public": {
          "type": "Buffer",
          "data": "Msurs+tI4AswKzqRLE7LtcQxxly5Nhc003wukr70fjU="
        }
      },
      "21": {
        "private": {
          "type": "Buffer",
          "data": "sLS/YORP3D7wrp6xTKx5tA6+FGL3V6U4r+1kf7/M23o="
        },
        "public": {
          "type": "Buffer",
          "data": "KeuX58pZdu1x1Up7O7r+rwpNFKLu0W9iboCWpQNo4Rs="
        }
      },
      "22": {
        "private": {
          "type": "Buffer",
          "data": "mKqiL4tq3QvWqu4Gg37IXHAWkDZuXCnciK/G5Gp/1lg="
        },
        "public": {
          "type": "Buffer",
          "data": "j3lFtEoD8Xjd1Wcfn6ntlOPMQRgXgDshXguv+tsdXmk="
        }
      },
      "23": {
        "private": {
          "type": "Buffer",
          "data": "QHQ2+iOjD/Tu/qKBRMQWNqx/fMU3a4Zyli6wszhYtUI="
        },
        "public": {
          "type": "Buffer",
          "data": "OgOis4rccmwoXfSFBkRr+9To2C8aG5nhb6p8av7dsmo="
        }
      },
      "24": {
        "private": {
          "type": "Buffer",
          "data": "UHPRZ3DSUKWHCwf8T2DV8BXNue7qnJH5zq3/akuS6mE="
        },
        "public": {
          "type": "Buffer",
          "data": "uPz/mtlBEsOysRmsCj0Bp1qNdXq7/v8mjfM58YuR10Y="
        }
      },
      "25": {
        "private": {
          "type": "Buffer",
          "data": "oNjE1JYtg5MYzyoRtpvGll+O6HNIl9XdFpN2EAMea38="
        },
        "public": {
          "type": "Buffer",
          "data": "SSEQwYuihfxxm1YOVzHVJBRHl40VreXBwOx9XBHH1HY="
        }
      },
      "26": null,
      "27": {
        "private": {
          "type": "Buffer",
          "data": "OGIrA2QYzeOcsp9xIr8lTSW69rpG36/OJW6E1fD5RXo="
        },
        "public": {
          "type": "Buffer",
          "data": "4tjfIOukpIK2HkdS0ytN03F1iHn/8AT3VYwm+2YIs0E="
        }
      },
      "28": {
        "private": {
          "type": "Buffer",
          "data": "WA/g3eSgEEIpp2DTe0aBAcX+BIpVyoasu02QNkAqVGo="
        },
        "public": {
          "type": "Buffer",
          "data": "4PmdpI84aAIyxJtE1uaiU/cKkxTS3pRDmKF81VegRX0="
        }
      },
      "29": {
        "private": {
          "type": "Buffer",
          "data": "QIvjawQd3GQLVnnWs00XoNYpk9jHJhF4Gr7ltXjTf1Q="
        },
        "public": {
          "type": "Buffer",
          "data": "NrREOIcyfr/zSPMGY4vr4wm9jS7AP97So5PiwStJcx4="
        }
      },
      "30": {
        "private": {
          "type": "Buffer",
          "data": "CEAGLAMDglJm5yZL669UDXiJU6AvUFDjVvm7BM2OQ2s="
        },
        "public": {
          "type": "Buffer",
          "data": "wAQrmZcsRtXQi/Yn+saEuR4Zrco3C6GkuepTIBJXhhU="
        }
      }
    },
    "sessions": {
      "6289529392896.0": {
        "_sessions": {
          "BRNWCAxmwHeHa77dficJoUAtldBxbkUoPloGcktnt2sW": {
            "registrationId": 137685734,
            "currentRatchet": {
              "ephemeralKeyPair": {
                "pubKey": "BVmkPa0YrmABD2RrQ8/J1FWWfwooDk+fUIsJKqHVnC0M",
                "privKey": "CJawpaKUMjt4EYYHz8irfh6n4d/qZqwBoi9daR2KXUI="
              },
              "lastRemoteEphemeralKey": "BfE2lIwrTUFcOXfc/s1Un3t1IpiFfK9cRrHeUIz9BC9A",
              "previousCounter": 7,
              "rootKey": "4e0W29UC6e1PKgVv8h8tksmAOkCAx7hIgZ6eawCGZBE="
            },
            "indexInfo": {
              "baseKey": "BRNWCAxmwHeHa77dficJoUAtldBxbkUoPloGcktnt2sW",
              "baseKeyType": 2,
              "closed": -1,
              "used": 1672115498878,
              "created": 1672074331900,
              "remoteIdentityKey": "BVum5Bn1GK+AAyMen0gQ1O1Jk8tcFndO4mF64xkVOqwe"
            },
            "_chains": {
              "BQWaxOf4IGMriX7WCRPLQSa+hwj6+LPnQze5fdTvL4wU": {
                "chainKey": {
                  "counter": 5
                },
                "chainType": 2,
                "messageKeys": {}
              },
              "BfE2lIwrTUFcOXfc/s1Un3t1IpiFfK9cRrHeUIz9BC9A": {
                "chainKey": {
                  "counter": 2,
                  "key": "JdOb2lNEWinK8onm2svXz0OfbtkwtNO8iiXRuRQms8s="
                },
                "chainType": 2,
                "messageKeys": {}
              },
              "BVmkPa0YrmABD2RrQ8/J1FWWfwooDk+fUIsJKqHVnC0M": {
                "chainKey": {
                  "counter": 5,
                  "key": "ZQb1yifZvbL48BwB0czhFNavRmnZhskh0dngJAqCX3Q="
                },
                "chainType": 1,
                "messageKeys": {}
              }
            }
          }
        },
        "version": "v1"
      },
      "6285520708284.0": {
        "_sessions": {
          "BQJZ5cMFw6sw4r8AG0pmIA+wAK8fcUmEtV7UPjNALBFe": {
            "registrationId": 642989402,
            "currentRatchet": {
              "ephemeralKeyPair": {
                "pubKey": "BbMBgLdinRCqomucD2rE+gvzE4fUzVXPcqWldhE6ouEO",
                "privKey": "+JE4eUFIVTiAJnRfC/Uod/HUOp8o2/LNtjiL4a9KGUY="
              },
              "lastRemoteEphemeralKey": "BQEAS2I3uT7eSkvvrLo6wXkXLxYr78LdBKheT8HXbWBu",
              "previousCounter": 0,
              "rootKey": "dc1x4Q1PF1WrxoVv5SDwuN6uk+BACCxb5qtYVT5t7sw="
            },
            "indexInfo": {
              "baseKey": "BQJZ5cMFw6sw4r8AG0pmIA+wAK8fcUmEtV7UPjNALBFe",
              "baseKeyType": 2,
              "closed": -1,
              "used": 1672115651370,
              "created": 1672074340399,
              "remoteIdentityKey": "BfevWpWTIbkaAUAdOsvbmJuLolU2uNEweKI+cxw5/HxS"
            },
            "_chains": {
              "BXGQ7DrsQxTzsaHdt9D1l0lRcPVjFcK5QXa/NcUOX0ZI": {
                "chainKey": {
                  "counter": 1
                },
                "chainType": 2,
                "messageKeys": {}
              },
              "BR3uGVimExxZHORhOevt4N8mkqLMuEhI7WCi/J1Jw/sX": {
                "chainKey": {
                  "counter": 0
                },
                "chainType": 2,
                "messageKeys": {}
              },
              "BerK3UXwcN04aw+cXHJVPGou8q7pKjytVb2CJLoPyu00": {
                "chainKey": {
                  "counter": 0
                },
                "chainType": 2,
                "messageKeys": {}
              },
              "BbwUdn486aYkVu0sWS1OA0dwCx1pxJbTRBIkHqGni71K": {
                "chainKey": {
                  "counter": 169
                },
                "chainType": 2,
                "messageKeys": {
                  "156": "YCsRt2/I9tocVNrR8LPdCy+c8JkLC//KDsHomm2aaUc="
                }
              },
              "BTwatHzf12D+OQZCbGKKiVvebDe2vHVrFKBE1EQALj9J": {
                "chainKey": {
                  "counter": 19
                },
                "chainType": 2,
                "messageKeys": {}
              },
              "BeWcYEVwkauy1lCYNS2YKpuTHErYC/dUXy48jirpbL8j": {
                "chainKey": {
                  "counter": 0
                },
                "chainType": 2,
                "messageKeys": {}
              },
              "BS9/hYOf9ZW00Iaat6PNFVnctwJ8r3tFqXlj03A0TptW": {
                "chainKey": {
                  "counter": 0
                },
                "chainType": 2,
                "messageKeys": {}
              },
              "BQEAS2I3uT7eSkvvrLo6wXkXLxYr78LdBKheT8HXbWBu": {
                "chainKey": {
                  "counter": 2,
                  "key": "Oq6P/jYyoiFr7Rfh/2stiPQyyxqdLkeMZZXO17skuMk="
                },
                "chainType": 2,
                "messageKeys": {}
              },
              "BbMBgLdinRCqomucD2rE+gvzE4fUzVXPcqWldhE6ouEO": {
                "chainKey": {
                  "counter": 0,
                  "key": "DANy3WD78hdukQ2eNLl/X4+QT6HHNenbFG3uQDsKuqI="
                },
                "chainType": 1,
                "messageKeys": {}
              }
            }
          }
        },
        "version": "v1"
      },
      "6289529392896:1.0": {
        "_sessions": {
          "BcEkYDQdETMZF73elafOwubQenK6yEalskvpRefb3PYM": {
            "registrationId": 45,
            "currentRatchet": {
              "ephemeralKeyPair": {
                "pubKey": "BYXmcJ8PapSSjOZXrb89D/vwCczjzGKUPuWPMGLPf+Zp",
                "privKey": "wMiyk9byxCPbb1vCDFzNTdggpC2MTil1/rp7RjhWEW4="
              },
              "lastRemoteEphemeralKey": "BX8LQjkR2gS9+47oop4ZPPi3gDH0e6OyrsqCq4AMOStd",
              "previousCounter": 7,
              "rootKey": "K67CvCDLh1sWbXWdAbKsKLLlT7726m+r1AGP4yK4Dco="
            },
            "indexInfo": {
              "baseKey": "BcEkYDQdETMZF73elafOwubQenK6yEalskvpRefb3PYM",
              "baseKeyType": 1,
              "closed": -1,
              "used": 1672115502060,
              "created": 1672074348795,
              "remoteIdentityKey": "BdL1YGc+O3k+Pbse5wVaETU0irdA67kAWn2fBx71jnlK"
            },
            "_chains": {
              "BX8LQjkR2gS9+47oop4ZPPi3gDH0e6OyrsqCq4AMOStd": {
                "chainKey": {
                  "counter": 200,
                  "key": "GvOh7Bwtm8ubR8LkN7uRNKv+TTKsO/udbDIeukrZZ2A="
                },
                "chainType": 2,
                "messageKeys": {
                  "71": "Rmy2kOnRdr0KhfUgKVMwoqo5XXQASvBP7kUTfubhwW0="
                }
              },
              "BYXmcJ8PapSSjOZXrb89D/vwCczjzGKUPuWPMGLPf+Zp": {
                "chainKey": {
                  "counter": 5,
                  "key": "drgxmpGH2h5RZ4JTfmU7pBZ9oFCVYY5A7awei5mvwZM="
                },
                "chainType": 1,
                "messageKeys": {}
              }
            }
          }
        },
        "version": "v1"
      }
    },
    "appStateSyncKeys": {
      "AAAAANJo": {
        "keyData": "3Cm9UU7eLashVuF6Jf/UVxN4xAO5pkDO7O2enwcZRes=",
        "fingerprint": {
          "rawId": 1410804522,
          "currentIndex": 1,
          "deviceIndexes": [
            0,
            1
          ]
        },
        "timestamp": "1672074000445"
      }
    },
    "appStateVersions": {
      "critical_block": {
        "version": 1,
        "hash": {
          "type": "Buffer",
          "data": "WsYDYUhN9xT5AKkHhtXusIGKxMqCW/PR/Jvpy9pCtQQMioLeHVffnVQOZn6ONQPnSHSsYOlXqaIIHeKHVdS+Qv7SCDzhNGGpDdPn1/JeKAWwVIicP9eZbJwhmOfl8jsHc7fQrJ4+PY5KFo1vYEW8BxCarr0BrD++CCR04JEM4V8="
        },
        "indexValueMap": {
          "TtGm2Hj2nSexV2/9r9SE+WbBM1+jExooUwN/IsRoFdM=": {
            "valueMac": {
              "type": "Buffer",
              "data": "rNhxZ1vSoV1p0G4mKzlhrwaB/Su/lEINKqG3/EhwSUA="
            }
          },
          "QKGrWYzwGtx0aYDu6awU/cm5AeUSBbr9C49rcnUFHqs=": {
            "valueMac": {
              "type": "Buffer",
              "data": "LZb/RoQ9iJ54xRIpxSvo7ljWNOxnr/XWWDqa2+4/Ycs="
            }
          }
        }
      },
      "critical_unblock_low": {
        "version": 3,
        "hash": {
          "type": "Buffer",
          "data": "zOUAh6U6+JjX3zD7tqFTdJgw9GVqAvCE7R1novWN1SpkvV9ZiE3PvozpBL9C+yfZWmcY2UhlzFEU4bEXpeg15ao6viIKTG8xrZ9Bf7c2XyEdtTl1tyxx6Dif9SJbWjd7DXCPp0HwHzrleANavbqFOJw2AYBJ0BZLYhcwDs8LX2A="
        },
        "indexValueMap": {
          "jfa7R73rqiHpI14I/oXQYGxusCxam99Ob9Tb+NAFEFY=": {
            "valueMac": {
              "type": "Buffer",
              "data": "Knl276NBzOfS9Slh3ds7mbpRN60iKeFhTnPJ59+As4s="
            }
          },
          "TOLlJV8pjqhKkEXNBvkcyq0f3DYO7YEmTvqsspvioxM=": {
            "valueMac": {
              "type": "Buffer",
              "data": "HZKJlcss6Vsya7rYACiG83Oob/LipaMR6kjf8MlAqnw="
            }
          },
          "h3WGVgjGdALzIO5AUQaUvDHW9OwV+FPvXZ/btORFwHo=": {
            "valueMac": {
              "type": "Buffer",
              "data": "KJIDjXU1ZNfwXAvIIvHNub+lmlyGZlfUfjOb7bMCJ+Q="
            }
          },
          "MejyvH0JlNEqepavl5+0b1SVRqoyv1MAyHVeLQYIOiw=": {
            "valueMac": {
              "type": "Buffer",
              "data": "MtFSIyNMoGiSrqH5HIWXRZljUyu2IS1B8621VptZ3ac="
            }
          },
          "jNe+9pItv/3qifnBi78n9Kgdx1bT+3N5OmoawZMjfVQ=": {
            "valueMac": {
              "type": "Buffer",
              "data": "/YJVg7eCVuQkNeiQOg03mX8G7S/iVKTBohVjJDC9raw="
            }
          },
          "QJrSRy/vmxARPq8KE6z83qrxwrd+Sx6BelhU94trb2I=": {
            "valueMac": {
              "type": "Buffer",
              "data": "62m1DwGG4DpxzkdB3hqcS9Aou+aHQ72p5Yk56YM8ry4="
            }
          },
          "fPSvJDFCWh+hJidnBNbMLd4LJPVNAZfea534UM5dO3E=": {
            "valueMac": {
              "type": "Buffer",
              "data": "TDwofRcX1Bfdok/0YPu4Zq7zeOE/I9PdH3hux0NZydI="
            }
          },
          "lmdAuQsvBt/EIrh6XkB7xgpc+yvKW4O5Pen3E1dzbsI=": {
            "valueMac": {
              "type": "Buffer",
              "data": "powFmJXWtgfgd2G+VTCMDdm99xCLQgIJ2ii3KwcrLdo="
            }
          },
          "mvwSLbN/lueTBd+wsAhcmQr3ZgNeNYgGpDyx3RVGrsU=": {
            "valueMac": {
              "type": "Buffer",
              "data": "FDPImEMXl06N/d/45tgU71oE+2B5Kp04zHRHZMZsChU="
            }
          },
          "imoIGSsXUBCv/TtbYaEQv8SNsJ+EFFrsfh8jrf6PliM=": {
            "valueMac": {
              "type": "Buffer",
              "data": "9DAGT8JHr47HiQlGX9QKxgR4/yeRApirEruwlZ4BV3A="
            }
          },
          "gfnQXSe6FIFPho8SWTFk8U4/CEIdTe94MYIzGuEsRWw=": {
            "valueMac": {
              "type": "Buffer",
              "data": "p0p39RdsHM7E2NQMG3QKNfsuKTllQEgBCqdMs4h79Qs="
            }
          },
          "m6Ocv6WTkfl6XdZl4hJGbaMY1qaKz4TyVk2sQD59xmY=": {
            "valueMac": {
              "type": "Buffer",
              "data": "xXjR0UD/QjcDBdQRLMl5Q6q+D409VpT6G/wQjY33JHI="
            }
          },
          "Aifn7xLAdNy8mQ0o6zQL0KFG0PCI1/MfIRYcbXe8ugQ=": {
            "valueMac": {
              "type": "Buffer",
              "data": "5rTcKSWFEtRkg9dQIQm6zuvTDwsb9YaGjYl1EWlSEaI="
            }
          },
          "M7dZkL1WPvYDIaX6aae3K80zGaVN+Xw4u4S1cEJqlWI=": {
            "valueMac": {
              "type": "Buffer",
              "data": "+dBzTCWM/ZZ/Z9EFEu8sPGhMc6nq4rfU3kLlusziZik="
            }
          },
          "MzOR1buaZnjcylzvTMhcRPmH0vRU4UC6kWdhCEBSi1A=": {
            "valueMac": {
              "type": "Buffer",
              "data": "g8JuvCDOUmJnOFpdlMK1V++hDEnSrk3wM09h+pry398="
            }
          },
          "DVc7yi1uUqTTmirqLXGb3cCt28HupHWLkFJNuESXrgw=": {
            "valueMac": {
              "type": "Buffer",
              "data": "A0xc58k+LcgBa/qOvdtFtSuI4hy9B/Ch6McYBLgkmPk="
            }
          },
          "68o951uqiqzLgauqZPh/llE6nMv6uA8BKYFxW0Hfzlo=": {
            "valueMac": {
              "type": "Buffer",
              "data": "5S2MAfzExsD0ns/iLxjOXU0t1CL/I5wTubk7QzdPQbk="
            }
          },
          "yQqpG+ZndvrdIGW+PARH7XusyEdl6L2UiuyxqhMalOs=": {
            "valueMac": {
              "type": "Buffer",
              "data": "Eo+lAbXCKRofLe18Ku+5b1hMzfPMDCEgmy7ebV884w4="
            }
          },
          "/ueRnEnNai5epDhkNfDubttvCMA+Vg0pllnB9pGL85k=": {
            "valueMac": {
              "type": "Buffer",
              "data": "ZTacGN2/FzO++zbKO4j/nL4c5sF1ZZSKEdHqW5mqxJk="
            }
          },
          "F3IbA4gsWM05xpyiI2L21m4q9jMFqnsrcMv8hn2lYl8=": {
            "valueMac": {
              "type": "Buffer",
              "data": "dwrSiO9eCR8SyEAy8Ta6CdgHDiU8CF+/HW4UEcW0MLM="
            }
          },
          "/pip8hdXL+xO0Ym7tt5juwmDo8S4EaYhZUOy98bY6n4=": {
            "valueMac": {
              "type": "Buffer",
              "data": "UPm8Kq1agF8i6dmXpostj0/CAx+2vA5blMIIAYPl/PE="
            }
          },
          "SbJlGbf+FmdS+NP5SQf8md8L043RsVvhQ7ZIO/bUTNo=": {
            "valueMac": {
              "type": "Buffer",
              "data": "fAAiXgpOe05LR2Ur9TNYCh/A+naI5vcz6+sC5E46yl0="
            }
          },
          "vblJbPH7Dsmnf/CLVKw1PI12jkCSX2Mu8OJbGXTa0c0=": {
            "valueMac": {
              "type": "Buffer",
              "data": "GS1gpq7knL8KZLqogAmV9J++prrZlzcILFzxWwMXG/Q="
            }
          },
          "PJIMTHQ26NtCeFEvHrv9hQnX/beVBibiqX2R/mokJEs=": {
            "valueMac": {
              "type": "Buffer",
              "data": "azSxCvPVjH3xaYtrPqeuBLOIyw0R2pWO1E2VL5jL0S0="
            }
          },
          "Bl4HhW5CzreVxuL2O2lH6REGt+dAIwwVkbc6iyo3cIk=": {
            "valueMac": {
              "type": "Buffer",
              "data": "WXTJyP4FUxf40aNPx4mpUCwfD8pBHLIRkAGXLlcvnsk="
            }
          },
          "RGLg4HJeyvLixPrc3oEqFEc1NuhuCDomjl4K8THmKmY=": {
            "valueMac": {
              "type": "Buffer",
              "data": "haekiarqIOUTWvqOjFwZ8fQWdjrL/Yq9a9WyO2pPSmQ="
            }
          },
          "chu02Hxb9yYD1/envbfa1OmG1PRitG7GP0ZaqIcNik0=": {
            "valueMac": {
              "type": "Buffer",
              "data": "mMSdRdIaUxGyHwi8n67kZ+9vnwiuTco4d6gRorpyOB0="
            }
          },
          "dPloDKLxKI++vGcaxoUq6TeDl/AWhKp8zMUnvDFApJw=": {
            "valueMac": {
              "type": "Buffer",
              "data": "A7wFehLAXBxgqgTsZkO48iE81xdLn/RqlcL5p65KFfs="
            }
          },
          "qXYmVSATmwj8UgqjYkVaUbXJq4riNguN0y664BSGaLw=": {
            "valueMac": {
              "type": "Buffer",
              "data": "TcHUrYtbU7A4MM8gzbZcjM2ZMDcaBiKYhLcW02mBjWA="
            }
          },
          "o5KjlIfvYj6cYtLk+dkOzmy7Ql9ZsLs9A7XICJRzxxc=": {
            "valueMac": {
              "type": "Buffer",
              "data": "hm4Hyb0SP6avoXyXBGm4rlpfnhGzAYer/pP3SWYUa7w="
            }
          },
          "UAu09Vezt2fWBLsmsQHHdUjydpqEiTLrO2DSIpyh8mE=": {
            "valueMac": {
              "type": "Buffer",
              "data": "2VkJ+N8zs0HN9vUPFbP86OA71GMrJIeuswi1i6iSCnM="
            }
          },
          "9bBHTY2bXZVsDficYiP+C9cRZ7nML9L5jvOaEqdhdEo=": {
            "valueMac": {
              "type": "Buffer",
              "data": "/4OSREFhzVLrZJc0HMb2nFDNJQsza79BDx8t/aSzw94="
            }
          },
          "c+ostyhBOJ39aw62/gs1v//4QU79RBxgYmRRpmotk4Q=": {
            "valueMac": {
              "type": "Buffer",
              "data": "8LqSyu3QxmojoVu2HCu3BTsMvXUbr/MeUTsIAEljYCA="
            }
          },
          "SOF/6V5LHRsmqMmev7ji9zRszkMX7mjCprwS56QI/ts=": {
            "valueMac": {
              "type": "Buffer",
              "data": "qeYJrRHPCcOMfhdtr4nfxGQ785RTVKerNyaKmeBO8UE="
            }
          },
          "GhAPTJPQEpMTitqX1FtGwq18f81/xNytwFe6CzQtVIA=": {
            "valueMac": {
              "type": "Buffer",
              "data": "UBNlCq4r30lmVTIXc/8RRx/q7jTujtY805rvvQ6EpZw="
            }
          },
          "PCGGxLZwboaj5LN5JEgH3P1LXPu0DceVjFA6qNKkHN8=": {
            "valueMac": {
              "type": "Buffer",
              "data": "xyw7naYLA8QWb6jIU5eEyysbbHNGUdzJAVkVBhPuYxE="
            }
          },
          "xzNUJZAX4wQkCorh2uZ2EghYBWWvNLB50rMV0wPeIAo=": {
            "valueMac": {
              "type": "Buffer",
              "data": "OxDTpDovWOaD5d7fZYpNDZ3kR7EbL2BV2ROoqyZbnAM="
            }
          },
          "fJoxSGBX6gM/oU3HKOYqGTx53Dwza/o9q+qtvNYKDu0=": {
            "valueMac": {
              "type": "Buffer",
              "data": "vJjblLwgoVowWxCBIxTcpJi6eJdQo7IrVlHVGLt+mj4="
            }
          },
          "zA5fBZkpWo0uzP4gLWQlp1vogQwnZ/PGocZ5YviuQAo=": {
            "valueMac": {
              "type": "Buffer",
              "data": "uWEjvIaXskW5yM1UUtEkP2DmoH5k/DAgJEogmQnmYFo="
            }
          },
          "Y3O3GxrPLICmmw8HHnfmnYnUXZtntRTzjit2wQs1taI=": {
            "valueMac": {
              "type": "Buffer",
              "data": "wTInNwIKE471R1vCI7VULtm7uGN+Z65vk8btfIpANpY="
            }
          },
          "biYbAmWRJ59k5dXj4Nu0maWWfKquTuRz//fhv38V7n8=": {
            "valueMac": {
              "type": "Buffer",
              "data": "WjF3C9ACWG3noCKhWZEtenqBI4FbCbW3WdEFj22oGDg="
            }
          },
          "G14oRS9plJ6bRYPoeS0t5rfuUNNrlf1JuWQlF3zUj8w=": {
            "valueMac": {
              "type": "Buffer",
              "data": "3YdzNmE/jD2fQOFVaQZ0iGdkS2BbYLW78Ypiluun/FY="
            }
          },
          "dEKm5nmHHkfwXrvRmElyVxKSrFtmHJEdmSGLwl1dSgc=": {
            "valueMac": {
              "type": "Buffer",
              "data": "7ngA6ztkh6MPgFJ4kWPwrucm2JkVceSVf6JDbrV01pg="
            }
          },
          "gBYrG69QwBtvmtzpNhPY03aG8Xojl7yNLYSNcsKeboU=": {
            "valueMac": {
              "type": "Buffer",
              "data": "eJAMjLKzHugJ+Mqaked9p3U8wmlrQDI3lZ/ElYhXvIY="
            }
          },
          "RHDuOEcz6BzKZjAC46ex4PDWf5PZs4ODrn/nP1V+c88=": {
            "valueMac": {
              "type": "Buffer",
              "data": "5LQkppU0XRvj/illwHPa+wDv/rDqWJehgx0r7L1/IIQ="
            }
          },
          "CjkoW30twPvzRg3anO9uPtl8Xtgm379TXaCuJjoNa6Y=": {
            "valueMac": {
              "type": "Buffer",
              "data": "s0swy7XhLRSbtjQiH67rC4OWpQjM80IkXEJpn91IaQw="
            }
          },
          "/P+3jMsoywGCOMpGND0AmqQ9vO6+JRb2IRI42rBkA5I=": {
            "valueMac": {
              "type": "Buffer",
              "data": "g/YMaVFEtzddgwTl7YeaPyjZgVdNSSBasCdJwwEwKjQ="
            }
          },
          "8UJh7l85FlACp32MDOdMyo+oUbAQ0zPktBgG2h6366A=": {
            "valueMac": {
              "type": "Buffer",
              "data": "Hi440Yemrmk3+Jw+6zPLU0viHCbvf7G4m7ea6adiRVY="
            }
          },
          "kYlISJSz/Szac0QgCZkm8PSPRlI40ibKE/zGzik+x8w=": {
            "valueMac": {
              "type": "Buffer",
              "data": "s4pV4oIDExsaZUkNCEmQ1SF+/st+CaYNbgeZ6b8x2Ho="
            }
          },
          "78Y3L209uIhGH/AaRMQ+k/FMMDwei6BUg8pIkGivND8=": {
            "valueMac": {
              "type": "Buffer",
              "data": "DK46KV0iyA+1LAPTLS/W7hTD3RGQraH9D2JXVhjl7tQ="
            }
          },
          "ZWXayKbfAX38h0kTrb+dSo9ZQUKbA1sQs7o4WkV7Y8Y=": {
            "valueMac": {
              "type": "Buffer",
              "data": "9Kzpf/aseUEL3EH83rrC9Vx+xrE0COyejpedUjUC6cc="
            }
          },
          "4Sxprrg+sWUOyRRgtfJ2iwZXvQgLa/4HTWSjTl6zA+8=": {
            "valueMac": {
              "type": "Buffer",
              "data": "z0I0s7ZoM8qL1Fsn35+ruSInWKmeCvO+8hklPDU3aKw="
            }
          },
          "Z9DjG4BXhjKXzO/l1gXzbwM7RP3SN9AiPq4KBd+keFs=": {
            "valueMac": {
              "type": "Buffer",
              "data": "LqYzKMbh0e6sM3ISCgC0fWcKyBW7HUZSkJWBzdXWW0s="
            }
          },
          "Y9fLQ/e7OQvWg0Q1exp2Mdd4DmMQqbkQrwzeL0ddneo=": {
            "valueMac": {
              "type": "Buffer",
              "data": "2Iw3K3I2D31lmRRQj4/QLduJMfgydy5JNKKqDVAi6Kk="
            }
          },
          "zu6ahddCMiNWtBuwNm+9kPhs92VCvGjruLDJTu5rsT4=": {
            "valueMac": {
              "type": "Buffer",
              "data": "vspxy/n77xJS8YPU52wBHh1XQwV262ky19YB23UultU="
            }
          },
          "nNoWXExdOb9CQlx9iV4i4iB7csl3S4F2lTmU5XyzXEk=": {
            "valueMac": {
              "type": "Buffer",
              "data": "eSpHtIjKcP3rccFLoOFTw1Vg7buwajNHHrqpQyAUCe8="
            }
          },
          "r5lRIWygMs8q1EDQjjXRTA/e5Kmj19kODTKuElQZaXs=": {
            "valueMac": {
              "type": "Buffer",
              "data": "YNyoF1nX+MPZWXU7hoPJPHwEdFD2vpjtMgxHW19NIF0="
            }
          },
          "MtNHdly682N854to4YewVtCCOXzRWAWhMZ6xFxNuNgY=": {
            "valueMac": {
              "type": "Buffer",
              "data": "Y0YHZ5a6E/3cSnfLbBgHfxdY4WwoRdyxCTgS77JhFxU="
            }
          },
          "A7VW51wQStN5I/spH3zxqwuilzr7iW7xAazzeCUaorg=": {
            "valueMac": {
              "type": "Buffer",
              "data": "ZNMCIaAUEUSDNowRWlvKdFcqiO3yTdPFTT6/rT4O4Os="
            }
          },
          "bMlv7y+D1cZo/B+hx9RlCT5ysmtE/ME/IUhflOxavmc=": {
            "valueMac": {
              "type": "Buffer",
              "data": "f8bphG197pbV8bgceJ34l9deJQemdYTSTYILN9/P8VQ="
            }
          },
          "R24iwBEIPq162JOFPqF9pZrQKoQfY4LG0Ir9J49uSPM=": {
            "valueMac": {
              "type": "Buffer",
              "data": "H5pRtBjW3c78tnnb9lZCyjM59U6mT/sgLRWJl2/aF/M="
            }
          },
          "hMGCgO3mwLud2Tv119j1Rq7IKZje+MLg29TDoI7FaG4=": {
            "valueMac": {
              "type": "Buffer",
              "data": "hJbFX3Rd5d2uZ4NCJhZZLEw7fcXrM+hds8H95l4IAFU="
            }
          },
          "ughSLMXt7g2V3l1f3njRk91JuiHetC6D44RxWFpEskI=": {
            "valueMac": {
              "type": "Buffer",
              "data": "9oZS1XJSF4yQs8AYQQfpj9tR/ood1Gz2DJZ3PbGXXaU="
            }
          },
          "Yfa1gAltdH7TCOU8K/FnHSI6MhcxJD9S5vC4VAz9Rec=": {
            "valueMac": {
              "type": "Buffer",
              "data": "iQoyx7thb+p1mgjcBz1SX3dHzlI0gIcCsv3eV3rCGcY="
            }
          },
          "rJXJz6JWwbzwNCgLmfhjbVx/X26tln9IhezQWFTNAFE=": {
            "valueMac": {
              "type": "Buffer",
              "data": "2iULV1TMS+DERuI5dWNiZ9waT657XZnLbK5jVO3S9zA="
            }
          },
          "nhxrnp86+2WMmn1eWOfT2ruafAgBt4IczhwV42PCQ4M=": {
            "valueMac": {
              "type": "Buffer",
              "data": "Z0ajObAtXbTkRvh7UComt3bAdvo9Cx4KXtICxQlcN5U="
            }
          },
          "6zjspvGbLET+nRwxqGMmESX66RUA54cobZRx4ugmwxA=": {
            "valueMac": {
              "type": "Buffer",
              "data": "HP2PJg6IWijuPOCtflFOWFRRqQKkeOH/dQP0CKehtqg="
            }
          },
          "LGhUGHzAHqqDZZVR7y4wRgJAwvJIE1gGRD0tLAO49k8=": {
            "valueMac": {
              "type": "Buffer",
              "data": "/F9mTkt2tI5xesJjIXAbRXfZZdI7vWI/XcUMTzUyk60="
            }
          },
          "L1RmKY8ezo457s9CqZDHTUoI302qeLTrmhzEe8Ni5J8=": {
            "valueMac": {
              "type": "Buffer",
              "data": "gLn8QpILQWdlcCrgD9/PP3Iou7c3rFWMNWOU9Ns1CPE="
            }
          },
          "gzkJ/Eb3cudluyb1I+TSAldY39UeBZzcBmGR+d03sck=": {
            "valueMac": {
              "type": "Buffer",
              "data": "A7xOWF7k3OLdWyiADes1Y6sS67EojKtDF2l9ZwnG1F4="
            }
          },
          "OPFKlK8J1csAe2y/a4q+fi7DsYpkmnrMMi4ZEEUGejM=": {
            "valueMac": {
              "type": "Buffer",
              "data": "och8dlL/+oKXL0Bv9Yhluh85cIxQQMDVjq0Xsjib3RA="
            }
          },
          "zwHE7knMfAYrsEvs9ZWw7Q9JufQtL1pRGPMRiaiHnN0=": {
            "valueMac": {
              "type": "Buffer",
              "data": "/oWpUy0PmalxeOnKtApj0eomcU/4xLTjxwa9uOddx9c="
            }
          },
          "ko+Zb5Q9v0pqnbCrwz6XYIr39otrkEHr3BgRJsVNxGY=": {
            "valueMac": {
              "type": "Buffer",
              "data": "wkJVKkzUKKwzKQa1gb1D5nsIwXx0bTVBQmFuMmFUONo="
            }
          },
          "EOcfs0ax8kxwAFh7ESqybmPS8V2zIlio5DdLKYBZ5Ek=": {
            "valueMac": {
              "type": "Buffer",
              "data": "wexc7q7ofHXwNy/xY/cKCw21g6K7rzwbo3+vLWdcjn0="
            }
          },
          "tMwDgvkpZO7+gxQnUsfuq/8xmJ9ULT6PZ61nSeRUXf8=": {
            "valueMac": {
              "type": "Buffer",
              "data": "KIqsNdj48CzVZE41TbfG9IpYwtDfBXlMUkN9hFWCQx4="
            }
          },
          "72eBBsVptjBuzd7uo/FnqQ82OY42DQT9x+xMXy+6h70=": {
            "valueMac": {
              "type": "Buffer",
              "data": "V3ZFbW7D2VHUKAQ1SgGya00wol6djgr2knE7lOHjwoM="
            }
          },
          "qV3yBhF2Ubk14/yycZc3YbzCGpkAxqDV71j4b/uRl38=": {
            "valueMac": {
              "type": "Buffer",
              "data": "apGYzfYPNiImLgKJLrQXaCcs7dEEAfr0IdjtZBA53MA="
            }
          },
          "5p+gabJxec1rtIRXEr0vQOEQbx7uWAlF3jVBUJye76I=": {
            "valueMac": {
              "type": "Buffer",
              "data": "BmjwZkFo3KN+/lKDy7xSPbKLn0cMzv9FL7zNeTRa7nY="
            }
          },
          "qAeVeu2sjEKPQKipINOqeOXjCQ1pPyPhIEWatqS9bGA=": {
            "valueMac": {
              "type": "Buffer",
              "data": "N4P+3X3N3t/jyfjN8M7k+QNufkWStEYg92obWRraLJg="
            }
          },
          "09SlCGn2kS4QN1N7tlgf2ce2vrbPpD8j1uZIj0YXmJ4=": {
            "valueMac": {
              "type": "Buffer",
              "data": "xhaKsBH8VsDaJIA8QjIW1R3w+toh59c5b3044/P7PVI="
            }
          },
          "fAf+NoMm0oEH3PllyqXnaTsnZZgch+Dhq5Y9GiOgLLE=": {
            "valueMac": {
              "type": "Buffer",
              "data": "4NDXwpcqx3SawyBsUOqZIEl+FwrDNxODjdX6dys4oug="
            }
          },
          "e1fbhNTEcOFSWOvp+/cutNCJctT9bWYA1x2CTBThIcg=": {
            "valueMac": {
              "type": "Buffer",
              "data": "dSn4xqYKuXDXEh4KQdZ6XZuaAhISf41vP2DTwvmnbBc="
            }
          },
          "sXFVPJtAzSAkl1XedbyNh6qzVbpAutttpZiPFgOCXsk=": {
            "valueMac": {
              "type": "Buffer",
              "data": "oX3Li+s9UVY1UqEkmAgzm2/YW8WEbl6lIGKiJ2764Ic="
            }
          },
          "uarWURY4kl3Tffqe1MZbdwEovIb6AGa640cCnaXh24E=": {
            "valueMac": {
              "type": "Buffer",
              "data": "o6Eqqpydc6dURQqTxr5Y+fUxTNK1Z8XFe8IgDM9rYak="
            }
          },
          "OLrN1EodepBYOV8pt93qDs0VSQmx1rrLQBOfbF9pxSA=": {
            "valueMac": {
              "type": "Buffer",
              "data": "ES3/8iBwvtpRZWv0c2g8ttdtUNxMg9vsuQykrsy44xY="
            }
          },
          "J0lDwZuBkLu1k8QBVdfqm9qTOeTaWM6lri0sc15XmmI=": {
            "valueMac": {
              "type": "Buffer",
              "data": "AIpaXspM9F7Wjomwe2dlm1FCsd61BUPN216dA1xBwXM="
            }
          },
          "IOEE3K2CNeUtwEGOzs5a5Y/ZeZFz20XBDEZ/jEZM84g=": {
            "valueMac": {
              "type": "Buffer",
              "data": "hMqxPLVF0QKn6vcuWsOwfpUUARnbDuOJxFe81QDihfs="
            }
          },
          "+DOt6kC8aHxkBwNoWKIdQQ7x53K2tQGFeS/GxmxDLfc=": {
            "valueMac": {
              "type": "Buffer",
              "data": "BIj5s0K2V63QWi/CfR21aORxCwZmNStMfZ/moEzzyKQ="
            }
          },
          "9YU3U13xI7hRQgQHb7A/ZmZIe9eVarK6HvfUo7tofgg=": {
            "valueMac": {
              "type": "Buffer",
              "data": "8GeZhWS7x0u5VAVZCAGsdfxBrF8b6IvWy7lhsQtP24Y="
            }
          },
          "LPeGGH/9j4MtPvEbjg4OGsCxCwy3QYw3Cr4Vgd4DlLo=": {
            "valueMac": {
              "type": "Buffer",
              "data": "gxYjoIRcwge0u049YbKjT6fnrCSUqKmdrlth4YvyvKQ="
            }
          },
          "zUezeZ+SyX8XpNN99RhLPBCcD8UijSd2Ba/k9DgqTh8=": {
            "valueMac": {
              "type": "Buffer",
              "data": "TnZjujDpnW0v8rWbNKCgrTO2rIL1MfsSeCfoGOPfIDc="
            }
          },
          "9HlwaQ6xnV1TEFyvhnd3fwfR7ZpmnEGVWnnWOwYHkVY=": {
            "valueMac": {
              "type": "Buffer",
              "data": "9biYIGe0z+5SJttFlZ8tgD6PNYmNLWYLCpI8Ic7UOl8="
            }
          },
          "tY5+yOyjQ1/EXmMwR5SIij709Hkx4G2nC/ZBbWnI35E=": {
            "valueMac": {
              "type": "Buffer",
              "data": "IYE5TRiMHJK1drex46KVMS6tcrf7EZ882WeffCgJDr4="
            }
          },
          "6XgM85u5bgbA5/WpwJft56VWLvcW1vlNrL55i9iaE70=": {
            "valueMac": {
              "type": "Buffer",
              "data": "imvk5ZBJfFSQ+5trxVS9wMijzCSQjGFcStXGHZCCeFw="
            }
          },
          "r5v5IvWuyjcQm/4WHD9FyetwWVUp7tTbeaBuMiQhD8o=": {
            "valueMac": {
              "type": "Buffer",
              "data": "ajJQcFjbM0yVSccRGMeys6WhlvXhrrsGa4oIjfa9+j0="
            }
          },
          "VH37m7doXL3FiwSz0PP/wY+E5xn6Yt/9rcs2KItePSA=": {
            "valueMac": {
              "type": "Buffer",
              "data": "eIqCVf0rxcS2B3NJSGxYao9XcsM/Klk6WFtmP7AnsAg="
            }
          },
          "1QX1lui5saH3uOk/la714GJe9YxTsq343kAJHrjiQgk=": {
            "valueMac": {
              "type": "Buffer",
              "data": "ceabWix0WABPSpOyT0vIUdbSR25MpWrsdNnwen0QOG8="
            }
          },
          "CTb59EpNhdIbUh8NX5bCUDMeIF1so4VHS6D5lYbD6w8=": {
            "valueMac": {
              "type": "Buffer",
              "data": "ZY/VshwnIPPOOeLMXc2WPgdK3UhQBl/0NyE2XdS4xe8="
            }
          },
          "6zKWZc1OfvT984q400gEZozF1dt9jM0pmDKB7zeHXbw=": {
            "valueMac": {
              "type": "Buffer",
              "data": "IXmlv2qCPk8V03Rh4FYHUki0BHnXtQ78W0T5SdxRAco="
            }
          },
          "/MjsvZ8er5DTa46IeU1FydkCL9bKIRAn4vIyM3VrqdI=": {
            "valueMac": {
              "type": "Buffer",
              "data": "vNR3k4WtYOEqEBxCdTbZhZBkf4vULvEA+PGBd87WMbU="
            }
          },
          "g/G1ilOJGmTldVB3ptObGGjAdxbawonrg8Lpp0qUlLU=": {
            "valueMac": {
              "type": "Buffer",
              "data": "v3SnEIeUh6PQOCBdcKoOsEWM8UALQ/6e09hEPp64l2E="
            }
          },
          "wth5tofshPPGjPOJjqpjaEnosRd6RhMCOkvTiGp0mZo=": {
            "valueMac": {
              "type": "Buffer",
              "data": "Ncbr99UQSQCAVgK1PZowIpzg0fe2/z9zesp258Zx/1M="
            }
          },
          "zbebfbnH7uK1rmQj3aoVYyBMzpWR7eY8qwxMwbJysrk=": {
            "valueMac": {
              "type": "Buffer",
              "data": "zUiA+l7tM5O5nfskB2XDAjHONWoCEj3q1/Q4MWrnGd8="
            }
          },
          "5wN3CwexUGIew2NOK/JFXGAWJaJ76Xqj3wTlmY7MSLw=": {
            "valueMac": {
              "type": "Buffer",
              "data": "AfAU3KzDi63ylf08yws2h29ClE97Mtv815eZjbLGye4="
            }
          }
        }
      },
      "regular": {
        "version": 1,
        "hash": {
          "type": "Buffer",
          "data": "NS4l+vwNjCgsCpjJWz4Be4cUd8yKGNvxJ9etX3VPjbzb1NywZQ6bVY4NTZHyWWQHGp8ubNYeofBZtPwgyS/2UL2hCqiOKUNXe8o0KqOgm/P37eDA1YbxdQD2VFNWY7ycsXXjT9BbKM8nXPIQehu3Z5XiHpNWaA5kyZ8d+K4jX+8="
        },
        "indexValueMap": {
          "bClGRmQXTrZPPeXHdnNbqEndPha0VVPGjW3ufs92i6s=": {
            "valueMac": {
              "type": "Buffer",
              "data": "MsaHhIvBpmL4t0zmF0gJNMjpFQ9G+mUknHuwqdoBun0="
            }
          }
        }
      },
      "regular_low": {
        "version": 1,
        "hash": {
          "type": "Buffer",
          "data": "HHtxpOGxdhpyWYyGc0WeTBOE2zlWhd0+hEZmbprWqr7ukvn2A1Lj6DgkwexcQ0PNTVraXVhzxGlJ9UquJwb9GOjBKL6xuF5wU6ZESee4TCUf555Vx4B0QoAKW+zLOTD+WhJE9zX4hmS/umBx4l3caq6Pm+fpl8x1azz5UFPLikA="
        },
        "indexValueMap": {
          "bjKSUpMfWGbzj0PI3LszjoFpe6qZ0fkaHQzU+6lg0F8=": {
            "valueMac": {
              "type": "Buffer",
              "data": "z7zFaXhmlZiMZusEqUJ7lDIG4DMwm0v2/e/O8TcgXOs="
            }
          },
          "IYSqFsMRlx8rvXuysfATqbAUrmraJuC8RNxgIYws7A0=": {
            "valueMac": {
              "type": "Buffer",
              "data": "4pcn1NOqmGZXITL82UyA2eLl8trDkrGvADarc3JJ7G4="
            }
          }
        }
      }
    },
    "senderKeys": {
      "120363039368116007@g.us::6285520708284::0": [
        {
          "senderKeyId": 246718087,
          "senderChainKey": {
            "iteration": 10,
            "seed": "/E1EbXcQ6FrkyUvtEBK/8mo2xxH1XHKc9k2oPq/L3bs="
          },
          "senderSigningKey": {
            "public": "BbyaVe5tb1k6YvAjjZlgt6FlPNK0e1RzqGcbzAxFsG0k"
          }
        },
        {
          "senderKeyId": 246718087,
          "senderChainKey": {
            "iteration": 33,
            "seed": "41kJZvThbW0S1QV3QmHHv8Hp5SLmIwZHlcaTat+gvJ0="
          },
          "senderSigningKey": {
            "public": "BbyaVe5tb1k6YvAjjZlgt6FlPNK0e1RzqGcbzAxFsG0k"
          }
        },
        {
          "senderKeyId": 246718087,
          "senderChainKey": {
            "iteration": 33,
            "seed": "41kJZvThbW0S1QV3QmHHv8Hp5SLmIwZHlcaTat+gvJ0="
          },
          "senderSigningKey": {
            "public": "BbyaVe5tb1k6YvAjjZlgt6FlPNK0e1RzqGcbzAxFsG0k"
          }
        },
        {
          "senderKeyId": 246718087,
          "senderChainKey": {
            "iteration": 33,
            "seed": "41kJZvThbW0S1QV3QmHHv8Hp5SLmIwZHlcaTat+gvJ0="
          },
          "senderSigningKey": {
            "public": "BbyaVe5tb1k6YvAjjZlgt6FlPNK0e1RzqGcbzAxFsG0k"
          }
        },
        {
          "senderKeyId": 246718087,
          "senderChainKey": {
            "iteration": 33,
            "seed": "41kJZvThbW0S1QV3QmHHv8Hp5SLmIwZHlcaTat+gvJ0="
          },
          "senderSigningKey": {
            "public": "BbyaVe5tb1k6YvAjjZlgt6FlPNK0e1RzqGcbzAxFsG0k"
          }
        },
        {
          "senderKeyId": 246718087,
          "senderChainKey": {
            "iteration": 33,
            "seed": "41kJZvThbW0S1QV3QmHHv8Hp5SLmIwZHlcaTat+gvJ0="
          },
          "senderSigningKey": {
            "public": "BbyaVe5tb1k6YvAjjZlgt6FlPNK0e1RzqGcbzAxFsG0k"
          }
        },
        {
          "senderKeyId": 246718087,
          "senderChainKey": {
            "iteration": 33,
            "seed": "41kJZvThbW0S1QV3QmHHv8Hp5SLmIwZHlcaTat+gvJ0="
          },
          "senderSigningKey": {
            "public": "BbyaVe5tb1k6YvAjjZlgt6FlPNK0e1RzqGcbzAxFsG0k"
          }
        },
        {
          "senderKeyId": 246718087,
          "senderChainKey": {
            "iteration": 33,
            "seed": "41kJZvThbW0S1QV3QmHHv8Hp5SLmIwZHlcaTat+gvJ0="
          },
          "senderSigningKey": {
            "public": "BbyaVe5tb1k6YvAjjZlgt6FlPNK0e1RzqGcbzAxFsG0k"
          }
        },
        {
          "senderKeyId": 246718087,
          "senderChainKey": {
            "iteration": 33,
            "seed": "41kJZvThbW0S1QV3QmHHv8Hp5SLmIwZHlcaTat+gvJ0="
          },
          "senderSigningKey": {
            "public": "BbyaVe5tb1k6YvAjjZlgt6FlPNK0e1RzqGcbzAxFsG0k"
          }
        },
        {
          "senderKeyId": 246718087,
          "senderChainKey": {
            "iteration": 33,
            "seed": "41kJZvThbW0S1QV3QmHHv8Hp5SLmIwZHlcaTat+gvJ0="
          },
          "senderSigningKey": {
            "public": "BbyaVe5tb1k6YvAjjZlgt6FlPNK0e1RzqGcbzAxFsG0k"
          }
        },
        {
          "senderKeyId": 246718087,
          "senderChainKey": {
            "iteration": 33,
            "seed": "41kJZvThbW0S1QV3QmHHv8Hp5SLmIwZHlcaTat+gvJ0="
          },
          "senderSigningKey": {
            "public": "BbyaVe5tb1k6YvAjjZlgt6FlPNK0e1RzqGcbzAxFsG0k"
          }
        },
        {
          "senderKeyId": 246718087,
          "senderChainKey": {
            "iteration": 33,
            "seed": "41kJZvThbW0S1QV3QmHHv8Hp5SLmIwZHlcaTat+gvJ0="
          },
          "senderSigningKey": {
            "public": "BbyaVe5tb1k6YvAjjZlgt6FlPNK0e1RzqGcbzAxFsG0k"
          }
        },
        {
          "senderKeyId": 246718087,
          "senderChainKey": {
            "iteration": 33,
            "seed": "41kJZvThbW0S1QV3QmHHv8Hp5SLmIwZHlcaTat+gvJ0="
          },
          "senderSigningKey": {
            "public": "BbyaVe5tb1k6YvAjjZlgt6FlPNK0e1RzqGcbzAxFsG0k"
          }
        },
        {
          "senderKeyId": 246718087,
          "senderChainKey": {
            "iteration": 33,
            "seed": "41kJZvThbW0S1QV3QmHHv8Hp5SLmIwZHlcaTat+gvJ0="
          },
          "senderSigningKey": {
            "public": "BbyaVe5tb1k6YvAjjZlgt6FlPNK0e1RzqGcbzAxFsG0k"
          }
        },
        {
          "senderKeyId": 246718087,
          "senderChainKey": {
            "iteration": 33,
            "seed": "41kJZvThbW0S1QV3QmHHv8Hp5SLmIwZHlcaTat+gvJ0="
          },
          "senderSigningKey": {
            "public": "BbyaVe5tb1k6YvAjjZlgt6FlPNK0e1RzqGcbzAxFsG0k"
          }
        },
        {
          "senderKeyId": 246718087,
          "senderChainKey": {
            "iteration": 33,
            "seed": "41kJZvThbW0S1QV3QmHHv8Hp5SLmIwZHlcaTat+gvJ0="
          },
          "senderSigningKey": {
            "public": "BbyaVe5tb1k6YvAjjZlgt6FlPNK0e1RzqGcbzAxFsG0k"
          }
        },
        {
          "senderKeyId": 246718087,
          "senderChainKey": {
            "iteration": 33,
            "seed": "41kJZvThbW0S1QV3QmHHv8Hp5SLmIwZHlcaTat+gvJ0="
          },
          "senderSigningKey": {
            "public": "BbyaVe5tb1k6YvAjjZlgt6FlPNK0e1RzqGcbzAxFsG0k"
          }
        },
        {
          "senderKeyId": 246718087,
          "senderChainKey": {
            "iteration": 33,
            "seed": "41kJZvThbW0S1QV3QmHHv8Hp5SLmIwZHlcaTat+gvJ0="
          },
          "senderSigningKey": {
            "public": "BbyaVe5tb1k6YvAjjZlgt6FlPNK0e1RzqGcbzAxFsG0k"
          }
        },
        {
          "senderKeyId": 246718087,
          "senderChainKey": {
            "iteration": 33,
            "seed": "41kJZvThbW0S1QV3QmHHv8Hp5SLmIwZHlcaTat+gvJ0="
          },
          "senderSigningKey": {
            "public": "BbyaVe5tb1k6YvAjjZlgt6FlPNK0e1RzqGcbzAxFsG0k"
          }
        },
        {
          "senderKeyId": 246718087,
          "senderChainKey": {
            "iteration": 33,
            "seed": "41kJZvThbW0S1QV3QmHHv8Hp5SLmIwZHlcaTat+gvJ0="
          },
          "senderSigningKey": {
            "public": "BbyaVe5tb1k6YvAjjZlgt6FlPNK0e1RzqGcbzAxFsG0k"
          }
        },
        {
          "senderKeyId": 246718087,
          "senderChainKey": {
            "iteration": 33,
            "seed": "41kJZvThbW0S1QV3QmHHv8Hp5SLmIwZHlcaTat+gvJ0="
          },
          "senderSigningKey": {
            "public": "BbyaVe5tb1k6YvAjjZlgt6FlPNK0e1RzqGcbzAxFsG0k"
          }
        },
        {
          "senderKeyId": 246718087,
          "senderChainKey": {
            "iteration": 33,
            "seed": "41kJZvThbW0S1QV3QmHHv8Hp5SLmIwZHlcaTat+gvJ0="
          },
          "senderSigningKey": {
            "public": "BbyaVe5tb1k6YvAjjZlgt6FlPNK0e1RzqGcbzAxFsG0k"
          }
        },
        {
          "senderKeyId": 246718087,
          "senderChainKey": {
            "iteration": 33,
            "seed": "41kJZvThbW0S1QV3QmHHv8Hp5SLmIwZHlcaTat+gvJ0="
          },
          "senderSigningKey": {
            "public": "BbyaVe5tb1k6YvAjjZlgt6FlPNK0e1RzqGcbzAxFsG0k"
          }
        },
        {
          "senderKeyId": 246718087,
          "senderChainKey": {
            "iteration": 33,
            "seed": "41kJZvThbW0S1QV3QmHHv8Hp5SLmIwZHlcaTat+gvJ0="
          },
          "senderSigningKey": {
            "public": "BbyaVe5tb1k6YvAjjZlgt6FlPNK0e1RzqGcbzAxFsG0k"
          }
        }
      ],
      "120363039368116007@g.us::6289529392896:1::0": [
        {
          "senderKeyId": 459722306,
          "senderChainKey": {
            "iteration": 2,
            "seed": "4NiuQlhlVFYKFcGAzzrTr3CNE+lYETkPYrkDZE4t6eo="
          },
          "senderSigningKey": {
            "public": "BUqp8T8ClValtlZwLcn4UDPSo9wadNt9hHxtMHdoQF1/"
          }
        },
        {
          "senderKeyId": 459722306,
          "senderChainKey": {
            "iteration": 1,
            "seed": "4jZZce+b121UNSlaa2sUX1MT14pRMewQQJgMEJMplk8="
          },
          "senderSigningKey": {
            "public": "BUqp8T8ClValtlZwLcn4UDPSo9wadNt9hHxtMHdoQF1/"
          }
        }
      ]
    }
  }
}