{
  "creds": {
    "noiseKey": {
      "private": {
        "type": "Buffer",
        "data": "qMF/26iYI1VIVM6+u/DYPXipgG/o2N3x7F+TB1xE/Ug="
      },
      "public": {
        "type": "Buffer",
        "data": "ba9uZNI3eldMkuw41803iY4ovwKp1Y07x600D4Teu0Y="
      }
    },
    "signedIdentityKey": {
      "private": {
        "type": "Buffer",
        "data": "mFS8NPaCCddr6p5ybHSTR1SA5OZVUBruXzf6eoML3Uk="
      },
      "public": {
        "type": "Buffer",
        "data": "BWz7bUfTBb0joon28B/PrylZL4eScONfjZDeLviJ1zg="
      }
    },
    "signedPreKey": {
      "keyPair": {
        "private": {
          "type": "Buffer",
          "data": "oLm11rzl3VP1kffbLvOMhPaRIHinsdinwr4PU3e3tH4="
        },
        "public": {
          "type": "Buffer",
          "data": "GlBxQ8l6KhX911+VyWGFAu7L93+KkVc5HI0WIdSbyHM="
        }
      },
      "signature": {
        "type": "Buffer",
        "data": "+Atv2WWtDR3c5GV9nODwU6INu8ICUK1QPforT9p0Wzv8C3QAQNLlvjMYQrTFlxC/Q72mBm/qv/+/+R0F+/9jCg=="
      },
      "keyId": 1
    },
    "registrationId": 198,
    "advSecretKey": "jNwmAjQxPXK93aAYbbreKS99nbk9F5i9vbzJ2Ev1h8Y=",
    "processedHistoryMessages": [
      {
        "key": {
          "remoteJid": "6289529392896@s.whatsapp.net",
          "fromMe": true,
          "id": "B293F8D60BD09162DD0E434F37C790E8"
        },
        "messageTimestamp": 1678535667
      },
      {
        "key": {
          "remoteJid": "6289529392896@s.whatsapp.net",
          "fromMe": true,
          "id": "5948DBEFC5A0F3233ECB499C1C30AB6E"
        },
        "messageTimestamp": 1678535667
      },
      {
        "key": {
          "remoteJid": "6289529392896@s.whatsapp.net",
          "fromMe": true,
          "id": "9D7B1D002D9F4074840FEA43ECC27242"
        },
        "messageTimestamp": 1678535673
      }
    ],
    "nextPreKeyId": 36,
    "firstUnuploadedPreKeyId": 36,
    "accountSettings": {
      "unarchiveChats": false
    },
    "account": {
      "details": "CIHXro8HEO3XsaAGGAE=",
      "accountSignatureKey": "sk1W4NlfH39K8WL6kg/mSCGckmmVCTDTtFju2unlB3E=",
      "accountSignature": "lRerPqAd6YMaTV1UyRZZrwWxAuQ+AjptOMsI8qH+nXZ1QvAPBDnhFzwFUlqXfkNg6HRic+OHV6jfve0+jCiyAA==",
      "deviceSignature": "Xu1KXOfGInA+0doz8+t0DTPuFYZ6cFQtGQhrw90WlPrP01eRgDM0w5xNOfy4n1B0dQgUnBaD2ysArqs4etdYBQ=="
    },
    "me": {
      "id": "6289529392896:4@s.whatsapp.net",
      "name": "NoozyBot"
    },
    "signalIdentities": [
      {
        "identifier": {
          "name": "6289529392896:4@s.whatsapp.net",
          "deviceId": 0
        },
        "identifierKey": {
          "type": "Buffer",
          "data": "BbJNVuDZXx9/SvFi+pIP5kghnJJplQkw07RY7trp5Qdx"
        }
      }
    ],
    "platform": "android",
    "lastAccountSyncTimestamp": 1678536820,
    "myAppStateKeyId": "AAAAABdj"
  },
  "keys": {
    "preKeys": {
      "1": {
        "private": {
          "type": "Buffer",
          "data": "6P5s27QypC4py8xHUgW2FrjYUo0Wp8x06a/aTwagJVI="
        },
        "public": {
          "type": "Buffer",
          "data": "aSnLBikcutpe3Uw2HVFSO9cNJBwENiWIODRY4uNqCWI="
        }
      },
      "2": {
        "private": {
          "type": "Buffer",
          "data": "eHGjbcwyzSzvUC5fQu9Dt6LtzoD1ShzDLOfBgb46LH0="
        },
        "public": {
          "type": "Buffer",
          "data": "mMsStJr4YMB7ZytylXAKe0MVzMvBofnFG5uBQEJuqA0="
        }
      },
      "3": {
        "private": {
          "type": "Buffer",
          "data": "wO6Dko2ITJswm2ShmnpQTds9E+/fSaNvdatNJ3xBv3s="
        },
        "public": {
          "type": "Buffer",
          "data": "Usplk24/sZKulLeCASLHoQxF2tkQxxbukjupcqWa93k="
        }
      },
      "4": {
        "private": {
          "type": "Buffer",
          "data": "CDmOhr4WLY7LQfwHlBxmJTgwOWOG1ZDoJvY7bmLxpGI="
        },
        "public": {
          "type": "Buffer",
          "data": "xLZOXPKfPtHLGBiLoTJadgYEVWYltjdup10mPtZMyBU="
        }
      },
      "5": null,
      "6": {
        "private": {
          "type": "Buffer",
          "data": "SL32ypGgm8V5Ch8bc2VUO/1Sx/2Iv5t6AO9F4MiZkUA="
        },
        "public": {
          "type": "Buffer",
          "data": "g0ePWIeNJD55RSiGy5hYqQQq1a93qtIH69uMvBk0IXQ="
        }
      },
      "7": {
        "private": {
          "type": "Buffer",
          "data": "6Kwyfuv8im0buDICJozFsjD+Z64h6bDoyTWJnNrhp3I="
        },
        "public": {
          "type": "Buffer",
          "data": "lU+HvJx8x5+2HxbhduaLt+3urjlkQS2GNQ7vl/TlHxw="
        }
      },
      "8": {
        "private": {
          "type": "Buffer",
          "data": "uEOYBc7lvf/czRyuGtpa3m0lGS5jX70MuH1pvP/3E2U="
        },
        "public": {
          "type": "Buffer",
          "data": "NIwApVW87NKlIiOV2cvgqAFPOEb+Lada6HJ70aOxTC0="
        }
      },
      "9": {
        "private": {
          "type": "Buffer",
          "data": "6Noh1xMimwNeYH2by7Oadv2UXcG3ynMhhQLhYQPhO18="
        },
        "public": {
          "type": "Buffer",
          "data": "IVxJeVZ0BAZ1YHR8Kr2Fa990i79R9TI23U3kFzp9KWE="
        }
      },
      "10": {
        "private": {
          "type": "Buffer",
          "data": "EGGlgf2k8or7u7ow//2XshAiU4GoHQRHR9wMXA5hIEM="
        },
        "public": {
          "type": "Buffer",
          "data": "5Apk+X4zvSJjyga7G1sY7ig6R1S1Nbfm/bzfqka4cEw="
        }
      },
      "11": {
        "private": {
          "type": "Buffer",
          "data": "CLnidJwz7rEf9LMssnX1OnQmAG191V32UxNWgD1Wg1g="
        },
        "public": {
          "type": "Buffer",
          "data": "MgKlGlCKxGAkLkNXK1ShNemV3VmrhtXdHveLuVZeu1U="
        }
      },
      "12": {
        "private": {
          "type": "Buffer",
          "data": "GBv0sIaelHfTwAEDKd3G1lYGA6DXvohvfcFSWmTEWWU="
        },
        "public": {
          "type": "Buffer",
          "data": "VxCdzUd28S47a1kcucIBbRLSFyDWucgbSjl94/RovA8="
        }
      },
      "13": {
        "private": {
          "type": "Buffer",
          "data": "SOWqNDyWYsxviANUuWNfWXKTjTNpeUUFNjQ8b3QgmUc="
        },
        "public": {
          "type": "Buffer",
          "data": "cPbxVD1lO0YLfCga9ynbC2Fb1gTNVPo685pDqAvabSI="
        }
      },
      "14": {
        "private": {
          "type": "Buffer",
          "data": "EGqMsSP/lstqeBgjggs8ywj1OP7hE0jPrMPzflPILX0="
        },
        "public": {
          "type": "Buffer",
          "data": "IEBtY0MuopumQS85HY16mHmBTc7SHvIVW+mbsTX2pBc="
        }
      },
      "15": {
        "private": {
          "type": "Buffer",
          "data": "aFI0h5HwXlXONPPWvcvf9hZ65TYyxMpOGhWeOThLmFo="
        },
        "public": {
          "type": "Buffer",
          "data": "r0kINIyGRuAcbX2ce5sQQuydEtM/hvA/fhqdZbWVaEQ="
        }
      },
      "16": {
        "private": {
          "type": "Buffer",
          "data": "kBemY3bR3Jtu7e9jvK4HzSE1lCKDZXf+dsQk04MgN0Y="
        },
        "public": {
          "type": "Buffer",
          "data": "Y4aRPGYKE+bn6BrBTBEbk5OpsQNl3zeIS1fjffFkABA="
        }
      },
      "17": {
        "private": {
          "type": "Buffer",
          "data": "8FSLHToitHVb/rJUrVXS26/E/uGLp+zOwXEReao08F4="
        },
        "public": {
          "type": "Buffer",
          "data": "7zbwVb5IgMs29Yg/C5fRxIvQ4QnBHLW9USlBfPyG/HM="
        }
      },
      "18": {
        "private": {
          "type": "Buffer",
          "data": "sMrxsQm0OudMTeCG5aZ+7VWwON0aJpzfQzWSJtsDCEg="
        },
        "public": {
          "type": "Buffer",
          "data": "+HXxlnsgkGH+xwFWX65cgxBIe9ihtoauZ1sfylCduQw="
        }
      },
      "19": {
        "private": {
          "type": "Buffer",
          "data": "iADW+/tZcfI1Xj2nmfHNzZxDiwhqaCvZ8AT/W4vhaGo="
        },
        "public": {
          "type": "Buffer",
          "data": "+D56hmHSOwXYQU/oG+4uDNrO/2e45AcQqgvRHB/XEw4="
        }
      },
      "20": {
        "private": {
          "type": "Buffer",
          "data": "sGQceJY3Xhf/68XvTRl2JDKPuuKmTBoVVgRQgPI8gEg="
        },
        "public": {
          "type": "Buffer",
          "data": "WWDlB43QsakDNUdiykMI/5KGnlDJT7aDM/UD7D5saHk="
        }
      },
      "21": null,
      "22": {
        "private": {
          "type": "Buffer",
          "data": "qGJROgEyVirbEPW+AewIydUL4/CZYVgqGmyfhtJMClQ="
        },
        "public": {
          "type": "Buffer",
          "data": "HgVfumRGXJtmAIAgPvnq4MuL9ucVwkzW2XzpJ9T4TEk="
        }
      },
      "23": {
        "private": {
          "type": "Buffer",
          "data": "gDPqZSYd9D8Uc+rMr33lsaMWrAbd9RnbvJ2cckF/6VM="
        },
        "public": {
          "type": "Buffer",
          "data": "xM8bLl35h2ZPk8CqZ93iT2BZkquO0QantpDBXHHmRzs="
        }
      },
      "24": {
        "private": {
          "type": "Buffer",
          "data": "2FVAdJ5SGg5eVbFrO13JtMTJxNs/e+DvC6wUkUkpCHA="
        },
        "public": {
          "type": "Buffer",
          "data": "bl8W83ioG3paisQ37AOHd17mfvoeunSp5Gr2b3foxyA="
        }
      },
      "25": {
        "private": {
          "type": "Buffer",
          "data": "eEBa5I2GmnhjYFoQGxG/TY5UbkLzqinsRyKaZ2MGX14="
        },
        "public": {
          "type": "Buffer",
          "data": "HOwJFL3P2L0FnFRuj272IkIGrpUoo2uCiMPKhpo8dEY="
        }
      },
      "26": {
        "private": {
          "type": "Buffer",
          "data": "AMSuXnc/53mDX8Pd3tUgvoJTaWUhWz5rUofvrnGdO3U="
        },
        "public": {
          "type": "Buffer",
          "data": "wQPFK2tMPk8Db0AZ85boqlUpABy2FuhRIue7deLVPDE="
        }
      },
      "27": null,
      "28": {
        "private": {
          "type": "Buffer",
          "data": "cCVGF9qdlRGnrARWYdebGH1WZSMMw0E5lDow34LTV3Q="
        },
        "public": {
          "type": "Buffer",
          "data": "iZriDWGk0T8WDerpJzGdDqvrdWEjKGnq5o24okrzBws="
        }
      },
      "29": {
        "private": {
          "type": "Buffer",
          "data": "8Oxes3TJ3J3PoxTvggNHfMCm3ZUgWz1CXDemhxOYjmE="
        },
        "public": {
          "type": "Buffer",
          "data": "qoJRy7s5PANB2AxSylX3hExdxAOIfeq5oGfML6htIzU="
        }
      },
      "30": {
        "private": {
          "type": "Buffer",
          "data": "8IhLsj6wrfagy08vGCY9/rnIxg6qRQ77g3R5JR8NJ0E="
        },
        "public": {
          "type": "Buffer",
          "data": "/8oiZe3vhjidghLDqCRYg84BjlkdxPR6reJ20V56OWA="
        }
      },
      "31": {
        "private": {
          "type": "Buffer",
          "data": "WC5uqxb0dNpGSzXNxMkSojH4UCWMc18we1kpJ68EcH4="
        },
        "public": {
          "type": "Buffer",
          "data": "eIxMvPao0+TGUAgbZNqzWWRqJ8TfLtE+U8VPDhT9UXc="
        }
      },
      "32": null,
      "33": null,
      "34": null,
      "35": null
    },
    "sessions": {
      "6289529392896.0": {
        "_sessions": {
          "Bf5Bbyr/bQdBKa43N1B2bcjt/LnHJ5E/cvMKYOKAjZdF": {
            "registrationId": 54587324,
            "currentRatchet": {
              "ephemeralKeyPair": {
                "pubKey": "BTGVIcJZ/BxjdB5nj6ulIEjViOd+dQXzQJF3Y5rv9ZBW",
                "privKey": "gC8YkaVuB99pbbVe95UIwL7N//LWvbeLqL5Nf2Ve5GU="
              },
              "lastRemoteEphemeralKey": "BdAwWCA/kHRn3WcOp4FOQBaXRrWrfKOXghUA/DQrYlFd",
              "previousCounter": 0,
              "rootKey": "wS9/f5/dFtdN9zw2ecXHxbB/aUbQJa+Dfld1Kpc+1gE="
            },
            "indexInfo": {
              "baseKey": "Bf5Bbyr/bQdBKa43N1B2bcjt/LnHJ5E/cvMKYOKAjZdF",
              "baseKeyType": 2,
              "closed": -1,
              "used": 1678616159018,
              "created": 1678535667230,
              "remoteIdentityKey": "BbJNVuDZXx9/SvFi+pIP5kghnJJplQkw07RY7trp5Qdx"
            },
            "_chains": {
              "Bbru9Z8rQqambZ8qApKKBcaep8TrJuCZOGtlCkBKRqR7": {
                "chainKey": {
                  "counter": 7
                },
                "chainType": 2,
                "messageKeys": {}
              },
              "BdZSF02RIF076cf+oAY5JO2KWHlQf7jdtvH85/a6PhlB": {
                "chainKey": {
                  "counter": 0
                },
                "chainType": 2,
                "messageKeys": {}
              },
              "Ba0bEM9lKufQjegxDrt/Hvv/rujUA+KIRaNYGqWVFstR": {
                "chainKey": {
                  "counter": 0
                },
                "chainType": 2,
                "messageKeys": {}
              },
              "BdAwWCA/kHRn3WcOp4FOQBaXRrWrfKOXghUA/DQrYlFd": {
                "chainKey": {
                  "counter": 0,
                  "key": "lD4ULU7bN67UzEsG3qo9mFWD0qVsYHTkUGFfJWfQ8ME="
                },
                "chainType": 2,
                "messageKeys": {}
              },
              "BTGVIcJZ/BxjdB5nj6ulIEjViOd+dQXzQJF3Y5rv9ZBW": {
                "chainKey": {
                  "counter": 11,
                  "key": "nSbZJMSlsCOzjGDAwu9fELBkNVnRTEwEfqQWYQu8uHg="
                },
                "chainType": 1,
                "messageKeys": {}
              }
            }
          }
        },
        "version": "v1"
      },
      "6285520708284.0": {
        "_sessions": {
          "Bdlpsb9ImPYNI3nBGlX4yyCiEkC9PUCIFc/kbzb0hjAc": {
            "registrationId": 642989402,
            "currentRatchet": {
              "ephemeralKeyPair": {
                "pubKey": "BZgJjJG4OfgldE9OdQkrjppliEnaMTnGA4jybt+GyqVZ",
                "privKey": "2Gg4WB73AT3mjAPO8nwTyFsux5ew9n5vVst+e+jK1V0="
              },
              "lastRemoteEphemeralKey": "BdY96OusC1qzWXADwzVofkSxHEh1N01s6KXNZIwhNagw",
              "previousCounter": 0,
              "rootKey": "DVlwnmkQDCoMmzVBa+Hxm8nIcjp1+0McZKqPj0HX8Ok="
            },
            "indexInfo": {
              "baseKey": "Bdlpsb9ImPYNI3nBGlX4yyCiEkC9PUCIFc/kbzb0hjAc",
              "baseKeyType": 2,
              "closed": 1678536823314,
              "used": 1678536251674,
              "created": 1678535687823,
              "remoteIdentityKey": "BfevWpWTIbkaAUAdOsvbmJuLolU2uNEweKI+cxw5/HxS"
            },
            "_chains": {
              "BSI710zxkbxjSWLXUkrbrWwDKN6mNh4KCFyK44Wo96Fd": {
                "chainKey": {
                  "counter": 1
                },
                "chainType": 2,
                "messageKeys": {}
              },
              "BeEEdJztguO0i02ONDwn1MCNJwySv7bmTXP/COEXxnEd": {
                "chainKey": {
                  "counter": 3
                },
                "chainType": 2,
                "messageKeys": {
                  "0": "YMP2inDA4pYY+xU7GIDqNOPnhjwoCKiloVqnFTAT3J4="
                }
              },
              "BbRC8U21iKbar67tAElQHvNKVA5/Zio3SMtBBELa7sNw": {
                "chainKey": {
                  "counter": 1
                },
                "chainType": 2,
                "messageKeys": {}
              },
              "BWeoBcN+s47x4qf5V0XUoYEFq5Hwx3PJhmONuSI53pwK": {
                "chainKey": {
                  "counter": 1
                },
                "chainType": 2,
                "messageKeys": {}
              },
              "BdY96OusC1qzWXADwzVofkSxHEh1N01s6KXNZIwhNagw": {
                "chainKey": {
                  "counter": 0,
                  "key": "pu0W5MV36vWG5OEgWf5y8V2sfEe//Vjd7JWK7JT70Zk="
                },
                "chainType": 2,
                "messageKeys": {}
              },
              "BZgJjJG4OfgldE9OdQkrjppliEnaMTnGA4jybt+GyqVZ": {
                "chainKey": {
                  "counter": -1,
                  "key": "Tod1HBqg7gPwVaHgQTOCuMOPz677ztsYG2DuUBQ6OyU="
                },
                "chainType": 1,
                "messageKeys": {}
              }
            }
          },
          "BYhob9p1wKBP3mBkDmuar8/C/6v63hmvCVMvnX+LeEIa": {
            "registrationId": 642989402,
            "currentRatchet": {
              "ephemeralKeyPair": {
                "pubKey": "BVBISv1ARorO6lkxYtMmz16yRjAYoS9XHN20z7AO9TlJ",
                "privKey": "CFPcDg5tHDXUjubN2kTql+iopMngrPzsmb7rmq7mZEk="
              },
              "lastRemoteEphemeralKey": "BTGxVvdqRzCmOePwCKPr1ck7vLIRqFe0yJsPOsW/Uvdk",
              "previousCounter": 0,
              "rootKey": "F3qLhEStJzanJ2zWCd0xYJs+k/hMbI70j3oEAduvmhU="
            },
            "indexInfo": {
              "baseKey": "BYhob9p1wKBP3mBkDmuar8/C/6v63hmvCVMvnX+LeEIa",
              "baseKeyType": 2,
              "closed": -1,
              "used": 1678616972393,
              "created": 1678536823342,
              "remoteIdentityKey": "BfevWpWTIbkaAUAdOsvbmJuLolU2uNEweKI+cxw5/HxS"
            },
            "_chains": {
              "BUkkN3m3pYcV0f4qHHFnQNyxmVZGFKmDWbGd9x024JEA": {
                "chainKey": {
                  "counter": 0
                },
                "chainType": 2,
                "messageKeys": {}
              },
              "BTG+mx6V9gZYBjYVZ5DacZp7FbmfHgYriazZ8VBPnjgO": {
                "chainKey": {
                  "counter": 3
                },
                "chainType": 2,
                "messageKeys": {}
              },
              "BfCjkc6gfwgoR8Qmgvv+mIAGJvsVT82wf7RfCEew7Ipn": {
                "chainKey": {
                  "counter": 4
                },
                "chainType": 2,
                "messageKeys": {}
              },
              "BVszG5JrHsLYOoPiLKi9cGozps7fYBSQa0BuO+hqAPUk": {
                "chainKey": {
                  "counter": 0
                },
                "chainType": 2,
                "messageKeys": {}
              },
              "BQ9mCbu14GaUw+ysBIaqsbC0JyQbIdxi0XIxS86LWCxs": {
                "chainKey": {
                  "counter": 0
                },
                "chainType": 2,
                "messageKeys": {}
              },
              "BXQeZtk2EwCxJZOJsA9ZyFTWyG5I3PdDtvKDA442F0o2": {
                "chainKey": {
                  "counter": 1
                },
                "chainType": 2,
                "messageKeys": {}
              },
              "BQcUcV1tlI5MESNWZkrVXadep89/VUTr0E4SfHFGzxdz": {
                "chainKey": {
                  "counter": 0
                },
                "chainType": 2,
                "messageKeys": {}
              },
              "BZlGy6ziql2/vNsMoVnjJra6DNfEM8WgJ3x2lQ3uAXkT": {
                "chainKey": {
                  "counter": 0
                },
                "chainType": 2,
                "messageKeys": {}
              },
              "BTGxVvdqRzCmOePwCKPr1ck7vLIRqFe0yJsPOsW/Uvdk": {
                "chainKey": {
                  "counter": 0,
                  "key": "/eYloqVqG5rn3s7itwyYgvF+cnY4PEA8Q0UWCFzBeJc="
                },
                "chainType": 2,
                "messageKeys": {}
              },
              "BVBISv1ARorO6lkxYtMmz16yRjAYoS9XHN20z7AO9TlJ": {
                "chainKey": {
                  "counter": 0,
                  "key": "dGhAM3ACnvtXW9e4Y2vfr+U2FWRrjHdJivAcgeVerAs="
                },
                "chainType": 1,
                "messageKeys": {}
              }
            }
          }
        },
        "version": "v1"
      },
      "6285399387590.0": {
        "_sessions": {
          "BYNh/QojDwN+/2lBa6EMMf4aJPRRTsTx0YiGHzXnmO5R": {
            "registrationId": 2050391600,
            "currentRatchet": {
              "ephemeralKeyPair": {
                "pubKey": "BQAqzNYqyVCfE1XvPEHNVejh4kr87BsKNvTeusWFkABY",
                "privKey": "8Ds0QbWwN0q5gfoUL1mVY04b7NCy4Q+7M7wJNcYLH2U="
              },
              "lastRemoteEphemeralKey": "BTXRkCEl43Lsd0U14OCmEncd/wlcR4xVk2aPDPt7j6Uu",
              "previousCounter": 0,
              "rootKey": "CbJ43DgEaaFLXVfR/jnj4tCSz832j5SMPTGSxpxbxpE="
            },
            "indexInfo": {
              "baseKey": "BYNh/QojDwN+/2lBa6EMMf4aJPRRTsTx0YiGHzXnmO5R",
              "baseKeyType": 2,
              "closed": 1678581665832,
              "used": 1678544499658,
              "created": 1678544499658,
              "remoteIdentityKey": "Bcl1IPcORUm17IvnG+CSMoH0iyEHvqUmorN4KfYu+/wL"
            },
            "_chains": {
              "BTXRkCEl43Lsd0U14OCmEncd/wlcR4xVk2aPDPt7j6Uu": {
                "chainKey": {
                  "counter": 2,
                  "key": "5qnUTGys/IKFJCsk23NsWaJVBjfRyzI8aheBE3bx7CA="
                },
                "chainType": 2,
                "messageKeys": {}
              },
              "BQAqzNYqyVCfE1XvPEHNVejh4kr87BsKNvTeusWFkABY": {
                "chainKey": {
                  "counter": -1,
                  "key": "xZ4iu09htnf/mc+T3EwkokyyGZLyygsTlkmb5Sh955Q="
                },
                "chainType": 1,
                "messageKeys": {}
              }
            }
          },
          "BcNjRfFx5PqGbQvLZ4OH018P+uJJPym+Q69TjWPp5Ulx": {
            "registrationId": 2050391600,
            "currentRatchet": {
              "ephemeralKeyPair": {
                "pubKey": "BfdMEDN8O6xO1tc3kvNqdVbuDucpPLUmdO8peogHoJ1E",
                "privKey": "wDQh/eKi8Jqc9QQ2Y/ek4IPhk7786+EBToOWvybr2VA="
              },
              "lastRemoteEphemeralKey": "BZHKhheGrJU4lzec9suCbf/CO2raIwbYqCpuwnEp1xFk",
              "previousCounter": 0,
              "rootKey": "GZHm/4GRMtHs/DgmcOHl7SpM6bK2NObtXpjXAmSSdaA="
            },
            "indexInfo": {
              "baseKey": "BcNjRfFx5PqGbQvLZ4OH018P+uJJPym+Q69TjWPp5Ulx",
              "baseKeyType": 2,
              "closed": -1,
              "used": 1678581665861,
              "created": 1678581665861,
              "remoteIdentityKey": "Bcl1IPcORUm17IvnG+CSMoH0iyEHvqUmorN4KfYu+/wL"
            },
            "_chains": {
              "BZHKhheGrJU4lzec9suCbf/CO2raIwbYqCpuwnEp1xFk": {
                "chainKey": {
                  "counter": 0,
                  "key": "yOiDEnrV7Ln5Sskws0idp403IpcE/V2E27uh1sdAi+s="
                },
                "chainType": 2,
                "messageKeys": {}
              },
              "BfdMEDN8O6xO1tc3kvNqdVbuDucpPLUmdO8peogHoJ1E": {
                "chainKey": {
                  "counter": 1,
                  "key": "f9+JKs9VbqBk4yzWg2rEpo8UNk819X+4Cn+j4O8fCSw="
                },
                "chainType": 1,
                "messageKeys": {}
              }
            }
          }
        },
        "version": "v1"
      },
      "62895602551040.0": {
        "_sessions": {
          "BabbbkIneVQVGOqa1dap7qSGFjejg2EfXKoWZ+1ej8NQ": {
            "registrationId": 343986243,
            "currentRatchet": {
              "ephemeralKeyPair": {
                "pubKey": "BbZ0I6W38bDk0GUzEsySgzo1birIjYIS9YBAwnV8G4sq",
                "privKey": "KCI+EUGflhj+xmmhBwklMwiFnIcDcuNy97c9jJ7q8XU="
              },
              "lastRemoteEphemeralKey": "BUiV2Xk13BY6KWeSW5awwM5mG3p6IXGjTkDa3W5t5mZJ",
              "previousCounter": 0,
              "rootKey": "DdZDKjyk44km1l0KORuG3LRynA0E8EbQQUxQgC32Few="
            },
            "indexInfo": {
              "baseKey": "BabbbkIneVQVGOqa1dap7qSGFjejg2EfXKoWZ+1ej8NQ",
              "baseKeyType": 2,
              "closed": -1,
              "used": 1678545622650,
              "created": 1678545622650,
              "remoteIdentityKey": "BfzR7mStvE7QtEwbZj4X34tQIOKm58NrUEvFwbly1F01"
            },
            "_chains": {
              "BUiV2Xk13BY6KWeSW5awwM5mG3p6IXGjTkDa3W5t5mZJ": {
                "chainKey": {
                  "counter": 1,
                  "key": "HhLKwQE9BMJJYZ1mK+Lqa1xBD0s5ipe+O+kLCzAXJ/w="
                },
                "chainType": 2,
                "messageKeys": {}
              },
              "BbZ0I6W38bDk0GUzEsySgzo1birIjYIS9YBAwnV8G4sq": {
                "chainKey": {
                  "counter": 0,
                  "key": "K6sD6L0/ely4Aznf7AMOQtKsHGbJxBiNaBcx9vJ2Z3Y="
                },
                "chainType": 1,
                "messageKeys": {}
              }
            }
          }
        },
        "version": "v1"
      },
      "628978454647.0": {
        "_sessions": {
          "BSqCRIgNs5bi0pesmxaTth+1pad0IN0oAT14SU8bzMM6": {
            "registrationId": 1708634555,
            "currentRatchet": {
              "ephemeralKeyPair": {
                "pubKey": "BWOHRFO6wQJw1+MDvZhVCE4d9/TXq1pT4wuwAgLpLOZh",
                "privKey": "sAr85j7p4ylyFg4cAsAUi4Jo/Dn7FMwWg+e28VgcxXY="
              },
              "lastRemoteEphemeralKey": "Be72hDj7tFAEWdI84LKxzDC1hioVEG2o6BmKccKog+Zv",
              "previousCounter": 0,
              "rootKey": "YziygATeThLnbNoKzYpWWs2UGkfFvvQu+i89eFgQPd0="
            },
            "indexInfo": {
              "baseKey": "BSqCRIgNs5bi0pesmxaTth+1pad0IN0oAT14SU8bzMM6",
              "baseKeyType": 2,
              "closed": 1678609255728,
              "used": 1678609253347,
              "created": 1678609253347,
              "remoteIdentityKey": "BQRPo3wn+9e6AVleFtomSzKVFT5gvYO5nNz9N92aXsY/"
            },
            "_chains": {
              "Be72hDj7tFAEWdI84LKxzDC1hioVEG2o6BmKccKog+Zv": {
                "chainKey": {
                  "counter": 1,
                  "key": "a3jHxn8P93bDQhYsdl/igGYOsN6cFHI3eK4OJ9J4uig="
                },
                "chainType": 2,
                "messageKeys": {}
              },
              "BWOHRFO6wQJw1+MDvZhVCE4d9/TXq1pT4wuwAgLpLOZh": {
                "chainKey": {
                  "counter": 0,
                  "key": "5Z4tBT2MewCMOfapaMUa0HUG5yLFYVwnLxIbyLn6NAg="
                },
                "chainType": 1,
                "messageKeys": {}
              }
            }
          },
          "BeCQgeLnu0w/g3WBaX5mo5oJS4wo8JAP85MATAl6nJMF": {
            "registrationId": 1708634555,
            "currentRatchet": {
              "ephemeralKeyPair": {
                "pubKey": "BRgPB6RfOK825X9aJN7U/nLSdZSVG+x3dhYxLo4TSIAP",
                "privKey": "YEJ09IhSFFtbLtdPM4rHXtnDGuJUxjugY7ZiBOpJNUI="
              },
              "lastRemoteEphemeralKey": "BU2svPZrmt7OA29YdRsN7z64AeYwwzzoqk+L93WpITwp",
              "previousCounter": 0,
              "rootKey": "yZ5TGGmmFRFHbRBNUs7/Ga3HbETt9R1ZlMwsxElJy+Q="
            },
            "indexInfo": {
              "baseKey": "BeCQgeLnu0w/g3WBaX5mo5oJS4wo8JAP85MATAl6nJMF",
              "baseKeyType": 2,
              "closed": -1,
              "used": 1678617626147,
              "created": 1678609255746,
              "remoteIdentityKey": "BQRPo3wn+9e6AVleFtomSzKVFT5gvYO5nNz9N92aXsY/"
            },
            "_chains": {
              "BdxmTHZmrjnJAYW86j5I6uEvfh0+j/Ex4Y1cw87QKzkC": {
                "chainKey": {
                  "counter": 0
                },
                "chainType": 2,
                "messageKeys": {}
              },
              "BWpVSjt4bcPiBNhfPdrLBZOdJZEwC6RcyTs4zauGhgNj": {
                "chainKey": {
                  "counter": 0
                },
                "chainType": 2,
                "messageKeys": {}
              },
              "BYjNH0BrTSNZbxX9w8l2M9ZzpXciq/hiOon8yp8/VjVM": {
                "chainKey": {
                  "counter": 1
                },
                "chainType": 2,
                "messageKeys": {}
              },
              "Bbu2MRtsJ7UR8+u4awZeuxyPnNOJEhvFFtbuAtKa9GpC": {
                "chainKey": {
                  "counter": 0
                },
                "chainType": 2,
                "messageKeys": {}
              },
              "BVHKg9M0tJn3Ett+rZzbNg9sOS7egfKzgFB7oTfqL2gs": {
                "chainKey": {
                  "counter": 0
                },
                "chainType": 2,
                "messageKeys": {}
              },
              "BXN0V4MhPBxlXlaRrhnqj2Ul6ElxXKo/L4TEagLOTElp": {
                "chainKey": {
                  "counter": 0
                },
                "chainType": 2,
                "messageKeys": {}
              },
              "BU2svPZrmt7OA29YdRsN7z64AeYwwzzoqk+L93WpITwp": {
                "chainKey": {
                  "counter": 0,
                  "key": "PHfeLbUIJssrj4AGkuTSrhvyEUoFoVUiuCrm6iiyA08="
                },
                "chainType": 2,
                "messageKeys": {}
              },
              "BRgPB6RfOK825X9aJN7U/nLSdZSVG+x3dhYxLo4TSIAP": {
                "chainKey": {
                  "counter": -1,
                  "key": "dAs5vQaB7JPhp1/9Bt/evHqD4yQUjFNV7RuU++NMpsw="
                },
                "chainType": 1,
                "messageKeys": {}
              }
            }
          }
        },
        "version": "v1"
      }
    },
    "appStateSyncKeys": {
      "AAAAABdj": {
        "keyData": "duY6MU331P19y5kg+6CIGhKLWcLBwAXjY1T/k9Vtb/A=",
        "fingerprint": {
          "rawId": 1911270273,
          "currentIndex": 1,
          "deviceIndexes": [
            0,
            1
          ]
        },
        "timestamp": "1678535666469"
      }
    },
    "appStateVersions": {
      "critical_block": {
        "version": 1,
        "hash": {
          "type": "Buffer",
          "data": "g51TPoIZiyeLhJgltx2arD57NcDOR5kLhG6lKeLV7sogVz16rBDcIMGEovUfyRDPJU+BiN4NTrMwIQEuQ/SksaHde2En7CfgKleSJX0m//izlLcZODt2xfI2FCr3ZBZmQQCB8Lfc07B4BaQUJoe2jAPqxw/jHCFEruQIeGQPSfY="
        },
        "indexValueMap": {
          "htz+Z1pNw4cIEPRuxTxV5YxaHEC1NUWGPzu3751pk/E=": {
            "valueMac": {
              "type": "Buffer",
              "data": "qubsl0ci2KV/9TMDSsuVtDfIcXE8Nl5VcPbVBrHBZIE="
            }
          },
          "lH/r0Y4afuBEDH29EyUk7Te+Xh0GjS0AM1fytgNdvF0=": {
            "valueMac": {
              "type": "Buffer",
              "data": "VKKaQgo+oqhNSq5ptuJ9Qg04PAvr2/al40sWpDcngqE="
            }
          }
        }
      },
      "regular": {
        "version": 1,
        "hash": {
          "type": "Buffer",
          "data": "9q12zn9VSULcbwjftXOnyYbIvSTQe0FIVT1wU+L230zyDktPJCYvmf7v2y8CYo1QRAshd4u/ku+Ov6E/BqkFbUbBN6AvKQjOuKiuqjw5+qQeb7orXr2jgjnoWLptnmHS07ZGgqKINd1rPFjwnu86eoaFXXoh5ojSzT8PbS2fakM="
        },
        "indexValueMap": {
          "R1TYLmY1jf3+qO1FBS/F6MtkqjV+qYk80aWJ/fplHF8=": {
            "valueMac": {
              "type": "Buffer",
              "data": "GHdOHMGyuX8GKdH7Bw55Wlx2dait9BNpE3NHOgTkRdU="
            }
          }
        }
      },
      "critical_unblock_low": {
        "version": 11,
        "hash": {
          "type": "Buffer",
          "data": "Ofz544u400pe4eGvEqYz30iSrjHHZDq6OG/n/RDJ0ibKbX4+vPT3ShUZ+GE6Ju9RuP1LwWJbJ/Ze/Yl8mNTq915Pj78m3SEkUoNIbkYpKBsa0VOtLsUaw4e1m04SHiXRemJEs3AEyT4k2HPwBGsyx4/UFh/z2WL6/g9wYQLFR+E="
        },
        "indexValueMap": {
          "Bc+1JjVq9sTqvTRwbjSh8E5l01y3Sec09qCHHyQlQoo=": {
            "valueMac": {
              "type": "Buffer",
              "data": "O825/ObVA34lglmP6oBJeWmZjDtwO7+8MxLRFazlWk4="
            }
          },
          "BsJpJ9OaCvsluJLipAqjR1Ui9nK6yn+gUuARteid1Z4=": {
            "valueMac": {
              "type": "Buffer",
              "data": "GJPYV2Kjws2ZZoJ+yRCRPPRVvocqGhuhR4I2krG87TM="
            }
          },
          "CfwjyNtMxwCY+6qJzUD+0zAdAGVZciadV8BnL/P6E6M=": {
            "valueMac": {
              "type": "Buffer",
              "data": "Zp/FA979khDMWiMod4oOlEUtHsve0u03ZOz3bmrxJpM="
            }
          },
          "DBhVikepblc6uw52upNeaoXmRa8zjYvF8So5LZeAp18=": {
            "valueMac": {
              "type": "Buffer",
              "data": "7SBzRyWQTJ/X1Uj6xVNZirTutXJ6P3iwQyIKiiE8l5E="
            }
          },
          "DCammrVRfHORd8Bzal7oImOFTRsTVQ8VtItXgl53Ybc=": {
            "valueMac": {
              "type": "Buffer",
              "data": "iqJDmMSQ0Vcw/Fppt1Ngs0WhSz65Hiw0fYbhHbvQ7QE="
            }
          },
          "Di3kQZMa7ATUDQBZNWw+zpzkBnIbyvIHey5uWrdHfS8=": {
            "valueMac": {
              "type": "Buffer",
              "data": "E6u02yTr/Og1QOpo5OAzRb5AcX+8M+zUC5p683EdVX8="
            }
          },
          "EBB6eu27wtAAQDfMb/M/nnN45u2Oj15blc/rh31ok0g=": {
            "valueMac": {
              "type": "Buffer",
              "data": "Xz4voO7H/1wWomgBvbP48KbHIh25tQs6bL6DRaE6ghQ="
            }
          },
          "ERAMZDtxX/KHrsOxnO8b7qznyS/K5k9dEwtG+6hXDug=": {
            "valueMac": {
              "type": "Buffer",
              "data": "c1NUI1c4QYyO/Nx0q7lm47OUve8kHdGWYIP2QzYcMmY="
            }
          },
          "EakOrplFLFn93FhM55z2PMliCTmjUTbqWo91K/8I4wk=": {
            "valueMac": {
              "type": "Buffer",
              "data": "YKRoO0a7J3B4oaX22mgj3UA0B9IhLyIbEUjuFvhV0S0="
            }
          },
          "EbkYt2Osd3wMOjOdqK8qSDppVZ5dcvClmEDZjS97XsE=": {
            "valueMac": {
              "type": "Buffer",
              "data": "Y62pqPHBoysKIdiI850zzylOWxKmbszGTP7oVNaPi4A="
            }
          },
          "Eeqb6MZcBcDAOuqU5IV/4ldRtnSlT0f3PYeP4cpGZlw=": {
            "valueMac": {
              "type": "Buffer",
              "data": "ptkcBIjMCI84tLLnjM9QIzIZi3032CNN1SaT10u1rnw="
            }
          },
          "FN6jpaKcKfQ88inXK4VpzEnKWLVWnSmTShOPB5Ljj0U=": {
            "valueMac": {
              "type": "Buffer",
              "data": "SuQsd6vFEb8aqMFRYMmbPq3iruWHsEmfKHBCzuojQIA="
            }
          },
          "Gp6TVpIpWWUslAgHhfCIHcblTkz8/zkqWxRFQhba7C8=": {
            "valueMac": {
              "type": "Buffer",
              "data": "8lWKhA8IQzqAwIrQws8IJ8N5TJi/Euv2hUJxGZdCNpI="
            }
          },
          "G8QW7lnqTaX118r3bj49JVLF56VoWzoDbZB5VU7hdNQ=": {
            "valueMac": {
              "type": "Buffer",
              "data": "SOPXfABlRVpr64DaqDEs9TdUhlszksX2HHhe/Rubhb8="
            }
          },
          "HUg3xiFKjuOWz4HW2IFlYIABwKx4v8e7ZcUcjJ1LWzY=": {
            "valueMac": {
              "type": "Buffer",
              "data": "EAp9CVdAEDg3YmkzeCkQTrtHNg7Rb+yX4LKqAv/ylvA="
            }
          },
          "HlT1HiDNYCbT5KonmFp+nDMJ74ywoGhFw9mPTfqprQ4=": {
            "valueMac": {
              "type": "Buffer",
              "data": "DSmzzG91BXAN3f9z+0ygopiSeAMeLuWF+V9i5rLkZ64="
            }
          },
          "ItSiaFXW7jdk9N9+kXv/Z1heDIaWZDxHIpz6zrXu+To=": {
            "valueMac": {
              "type": "Buffer",
              "data": "ByE0HujqwATBXzQYWbCbrUy3yAVZG/s26QUwoJfRAjk="
            }
          },
          "I9vr4zkdXIZVJOnWDwk6dUsdx5eFYNMBskwcM7ioNuI=": {
            "valueMac": {
              "type": "Buffer",
              "data": "qzzGTRZO4Km1YLL5KXyH0BtixVV5/42dwOAldeW7SUY="
            }
          },
          "KEp2a//9NAfqyJ1mbW7mjKEbzu5BTJCtFsM89Y1P72Y=": {
            "valueMac": {
              "type": "Buffer",
              "data": "36SUMwkYZJpU/jPYP4rT89Y5+Fv4lTF/iGDZWFgu7bc="
            }
          },
          "L7eJnPWvPNj1r71WlnTHks9Uv7s5Wa3ykYjQXduVkc8=": {
            "valueMac": {
              "type": "Buffer",
              "data": "C9YEM9CjGf2/sW4z5h7hFdAMZYvHJvHcJOFoJ1Z2GEA="
            }
          },
          "MNGvNMeXwtB4MtziGJaOCBtVflaxy1L346DloNtqUKI=": {
            "valueMac": {
              "type": "Buffer",
              "data": "r7arJD8kY8abTzx+2KJkpVcFIfRaCeLwmmK9SwwG4QI="
            }
          },
          "NwsEmF8Qcb5HNzJBo3EyF7Sd5ex04IXkZ8JY3olZ6Cg=": {
            "valueMac": {
              "type": "Buffer",
              "data": "GSWU/pCHiWdd7unTHJW5CRkx7rc2IuhK0bvQPw8e8Rg="
            }
          },
          "OORrXLYulJQqGxJnjjh22COmVs6EfdeScYy+au6bGuk=": {
            "valueMac": {
              "type": "Buffer",
              "data": "nXOZltR4ioLAWElIJDU+4oX14wtAdgJDsrvhUzshddE="
            }
          },
          "PGwxz2cTTgPP6Zsc/+mp+hA6vEomhy1Egwc9PbUrpoY=": {
            "valueMac": {
              "type": "Buffer",
              "data": "j7eDUpyL1L3E937blaNTmE/s/aEFf36IBKD+jyRyRlI="
            }
          },
          "QIFZsbmLrAjshZmRSvjPe5BaohSMgiMIcCEfR6RrWY0=": {
            "valueMac": {
              "type": "Buffer",
              "data": "DuLNnMWV++HKbyzc0Zhh6FwwwItEvs5STxp4AXznoBU="
            }
          },
          "QKmoGtdc6XTqaiYhnjlpA/aqB8glqo6LQPVSNcP/tes=": {
            "valueMac": {
              "type": "Buffer",
              "data": "2lg03qJBFqzQmgXkR8Bjf2pK3mql/cmx/SKKRs8234I="
            }
          },
          "QY32TctC/0j3UtXuNNKUXCKUVgieIWhvRhY/swW6fSU=": {
            "valueMac": {
              "type": "Buffer",
              "data": "vUgeTi0sIysHxTCKjTK4RjmH+x7taEJbWWT7eMKi8k4="
            }
          },
          "RTO6kInwUGvi5Lsan8ni4zswOEKdPJ8c2XPIAi9lcDQ=": {
            "valueMac": {
              "type": "Buffer",
              "data": "sbIg9SJziehiNKTKi/Yf8+UQxhUjtyAgqWQ/CHuLA1E="
            }
          },
          "RknKlZfxHW2QHWbGFYEP5om7e5klXr5E3VC3WGUCZl4=": {
            "valueMac": {
              "type": "Buffer",
              "data": "pwJTyumcQUaunYdI4vckrCbsE1bMRPITVKT7FjP2XNY="
            }
          },
          "RnAhCYZKJoKNveRUjssCQrx1if6krm4UWTW2+A4tLr0=": {
            "valueMac": {
              "type": "Buffer",
              "data": "+97oHDh/NWBgEHJ1A/+bOqKPlqJQrGF7oHM1U8+e7Eo="
            }
          },
          "R5j/AO/+FyBzMEPZV3Qx9/s4tHjHTOcEfyTM+W06iWU=": {
            "valueMac": {
              "type": "Buffer",
              "data": "I4Igjnwey/pg+1hnCc7/uIp7BBDN7YZiG6RP04nyeh8="
            }
          },
          "R/IN5yBT7PA9PSNcS2gazlqzMeypYCGri2gciK7yBtk=": {
            "valueMac": {
              "type": "Buffer",
              "data": "algau3e/zcuxpwqe0j/uwdoEpx01BvxOn7O41IbFF84="
            }
          },
          "SPfkWhvpFj7gBA7L/3aMVonWstSwCSH0NAOv3wHxh14=": {
            "valueMac": {
              "type": "Buffer",
              "data": "k3NOx9Y1sNFJAiAdYYbG9hsYZDjG+3eT2j4y5lGRELc="
            }
          },
          "SqBLMIrgOISqGu3EDsrEZI5b6p6QVL0qBu/eH1Hhsgw=": {
            "valueMac": {
              "type": "Buffer",
              "data": "HbvP8R6ZL1roNyFmsy9kXPk7onNzAJnqjv9jV0YFZ+g="
            }
          },
          "S3z82/0KVl8s050l28MSz1I356zjSf5iGLHBsCPTQIc=": {
            "valueMac": {
              "type": "Buffer",
              "data": "ekBV2pDlzQDNjN+JjmjjSHBgzozPYGGCzpHOZ6GLk4s="
            }
          },
          "T6FTUX+f4GzfZopTNHWfOuNRCoutoQ+V6mtRC/yguDo=": {
            "valueMac": {
              "type": "Buffer",
              "data": "O1sraQfNyIXpJyEMG+oOOmL59qHtemczUanrDN//g70="
            }
          },
          "T9443P1A1rEksh7SZ7u8jJiARTxXTCWEuWrxIxzrtis=": {
            "valueMac": {
              "type": "Buffer",
              "data": "yp1EwZajGq9/caJe7fxgLcanT+oyRN0+3LTvpXfd4Q8="
            }
          },
          "VL7H3TG0WEgW04T/MZBH2ICvC60zXfZiEGnIOs6Vttk=": {
            "valueMac": {
              "type": "Buffer",
              "data": "7QHiSy/8CSBOozCh5/DCtHazZx1d61xKUGb541WbW84="
            }
          },
          "W3d0mJ86Hh37QM5i8nMkj2+vIkCL7LqtcwsOQfNgKM0=": {
            "valueMac": {
              "type": "Buffer",
              "data": "4loJ/1mH4GYXQbeAXTHcoS/vBMkMT6tpWLsrvMc9iZM="
            }
          },
          "XoFzEp/iAfRT5DsxzSikcgVLxbBzF6SBY1ZpIMRufTs=": {
            "valueMac": {
              "type": "Buffer",
              "data": "qSVqTXqV2j477qfPyc2lzK/cnPFugGjG/F89M2fadwk="
            }
          },
          "Yaa568yXCeXJ9sgJufGR3/jt6ZxyUzpS6oOSBBQ3KYU=": {
            "valueMac": {
              "type": "Buffer",
              "data": "IYwxTKlBvbgusFqWDBzquwWr0oPTkN5fsS3MQVt4DyU="
            }
          },
          "YdJuJfV7cSBz+nIZU/cPewFnzyZq7GgALT0tbYE7YF4=": {
            "valueMac": {
              "type": "Buffer",
              "data": "cD93MzQcbjoRtKYhkFg6YXSezyeyCnNuMT6G5tW50g8="
            }
          },
          "ZCPaZQPd3DGZt5mtF078xpr+akYUCStUaOQomzy2roY=": {
            "valueMac": {
              "type": "Buffer",
              "data": "+AxLb8M5jRicRFxiX78veBvG+7ypvrkxOU2r6apReSE="
            }
          },
          "atbgx+tzIUXAKS4naNSrtBKEe4kge2/i6wTBB7AfuNs=": {
            "valueMac": {
              "type": "Buffer",
              "data": "5pk8I7KELZOD3VL+bAJPQmwRU7XLBaYRVZFWW+ue/oc="
            }
          },
          "cCbVwON7uTaWBhOoBPXS3gNgfYsWrCPal/LW21PtOEA=": {
            "valueMac": {
              "type": "Buffer",
              "data": "KgJBKSt6OHIyex/fRc/pTEoFaaGPR+9tE0SjYtTkLNQ="
            }
          },
          "cC/ZoJxuvokkFR7nr7wEhsg1wj1T58T0+vcJzlLYx6Q=": {
            "valueMac": {
              "type": "Buffer",
              "data": "vFiZUmOAJm2t8X21aaBQRvezmiNKwash/WhoqkEP4W0="
            }
          },
          "cS0zKZsMcBsR/xbSEp0pfthv3vlgARGmR0M+hO5bts8=": {
            "valueMac": {
              "type": "Buffer",
              "data": "osjJ185+9ikVforZooYJ+u9ZvSOcfAGZdPxEW5s+jcw="
            }
          },
          "dwFMNze7ZLyPfEV1th2oG8HKibuW2fg7t8XGip2bpD8=": {
            "valueMac": {
              "type": "Buffer",
              "data": "6Een2snEQpqZ/UU3Ngxga2vJESjxT4KWJYPfIZ/rCek="
            }
          },
          "eLeqerN1zpKB48idoOgirf7Pvb++unvacslvDKGxFv4=": {
            "valueMac": {
              "type": "Buffer",
              "data": "5yFZJMbi5FG2JgFjWJv5X+EdFwJc0BcsNNn6Mc2Qed4="
            }
          },
          "fcy170fdhzf33gb4r1v8hrGnz8UAoc6SgV7TioAwExs=": {
            "valueMac": {
              "type": "Buffer",
              "data": "ule0obPqDEw5yNdu5ywnkT+1DuA/nUcc4u0fPxdptHY="
            }
          },
          "fjgUX6lU8CSg49vLK3FMn3BiUcTqmVCx9P67HaIMED4=": {
            "valueMac": {
              "type": "Buffer",
              "data": "V4UIq9bRLtw/BqoGpumGXL/XeYvj9uKJUCLLD81nIpo="
            }
          },
          "fk4HkPLYECd3FxjdpQN9phVzH73PWi8BagCDAF4Vbxs=": {
            "valueMac": {
              "type": "Buffer",
              "data": "Orfu8evdM0yOl6zCsjbX+OCYVY5qGxgEHPt5f5kiOKg="
            }
          },
          "fpQslis7Auxk6CjwZy2O0LUXXsJHJ05UQZbtdOCi9sg=": {
            "valueMac": {
              "type": "Buffer",
              "data": "kzms+BQJmo3S2g6Wx9WjQ8uSXCn6yA6pGwV0MQe+XSU="
            }
          },
          "ipzwXN+bRTwlxMa1GLw2WFcYvKXgGrA0hsBdynvMQf0=": {
            "valueMac": {
              "type": "Buffer",
              "data": "rHwdw4mrISNO/4bpv4j87d9/cgdmYSTX6IuDzbL9suM="
            }
          },
          "jegpXiE2vnzeZIp3kVs4uWaTuYTO1f0oe1pliWu7pUE=": {
            "valueMac": {
              "type": "Buffer",
              "data": "JBms3gtDvI4jidManvxyi4efEbhPZ94RBUyNZBb7Z0Q="
            }
          },
          "l9M2JQce27InuA9ynWU4sDvPU3jr7XX9CR8YQ86mzvw=": {
            "valueMac": {
              "type": "Buffer",
              "data": "fCpDBucB876yx6pGgwR2ALlU5HwW2jYvKN+KiNLyPgs="
            }
          },
          "na3Ml9sInoyZwR1jyASj8abpMqY/sCT69BEGuCyNqC8=": {
            "valueMac": {
              "type": "Buffer",
              "data": "sXaxuW8IucwXQCH3RpmdEOAht2gqm/g3n/zSH1KkJPw="
            }
          },
          "n/tG7AfeRK3luA0TjR8+VldSZlJQIKcAMNE+YPUfpRk=": {
            "valueMac": {
              "type": "Buffer",
              "data": "IvHhpD4IYu/Z9eQj63xkn++6eR0IqySIebAAPJsymbU="
            }
          },
          "oDwO0ZDJ+ynPudJhjOEAKodrXshzgerDHk2zvcM967o=": {
            "valueMac": {
              "type": "Buffer",
              "data": "P06vqpMVOcELfSew9hR9G3T1ZKXfg2Fiec8jNqV8how="
            }
          },
          "oj2erdcSuR52X+bElYykKg8Lhdn7tpTenFzkBnhkOSI=": {
            "valueMac": {
              "type": "Buffer",
              "data": "E1/L2Kc6INED7BIXyEg8z1nGzmM1RM0zyoAgtvhYtug="
            }
          },
          "opB3gEWYHEues7wAwhElwzEHR1lHsFtaQT4Kx0OHx+w=": {
            "valueMac": {
              "type": "Buffer",
              "data": "idKfSAHVH9lz4gTcONlpzpIfUduLPxFfJCUVP0G9AB8="
            }
          },
          "o4eCoXTFEjtktszCc9TGr8qBnSnwMsH5GuVfpT2xUkg=": {
            "valueMac": {
              "type": "Buffer",
              "data": "/eqc8YQ4h8pYTeSINyn45vZEsCm4TRnJgv8P1fIgDxs="
            }
          },
          "pdBiWjrlzw3os4FIFHFjgJ1U/yiCNGnBQFmz6Ibp1mY=": {
            "valueMac": {
              "type": "Buffer",
              "data": "X+Tpm9YREkBLrxy6p4rfIRKHjn6QSxTAgkSGF2vybhY="
            }
          },
          "qBYpemk49j2QKm54vHVppwEwSHZw9Z+NWwUquZJOOWY=": {
            "valueMac": {
              "type": "Buffer",
              "data": "ylCKC4A0NhSj/dbcIW7q/eTUOO8HmnqRMzxydCyghjU="
            }
          },
          "qzTa0Y51DV7k3K0+9fL5UboY2Na5h/88kyxOjFvB5bw=": {
            "valueMac": {
              "type": "Buffer",
              "data": "woMArSyXTa+uadxRmioSafpM1szSLq5kob8QR7Sf/B4="
            }
          },
          "q+5Ecl2EpZFVMIbnTptILSqNMwJbVe+aIz2gzEbt+Z0=": {
            "valueMac": {
              "type": "Buffer",
              "data": "J6UrUJ80vQCJvEKUqAXVaa6Jkyo2Iu6DO4DniiipY14="
            }
          },
          "rk/EtGSv9ywmt9njE9Ox1W4E4GV9OWYVNOHUyBg6NwM=": {
            "valueMac": {
              "type": "Buffer",
              "data": "EwKppKvvfhSI88l75bKWNWY20jR/T7StPh2IT+hGsYM="
            }
          },
          "r9J/WUXyKEBKKUtrfPoR+WasRVkdS+7i4B5DRzMzoLY=": {
            "valueMac": {
              "type": "Buffer",
              "data": "uT9u3apQ14wTd8wTFW9f2r9TXDg7pi1F8GgeBbxt/dE="
            }
          },
          "sbdTaaxUi2I98a4aU7bxAt4Kt6fHPvfp16RcUTJ7wIo=": {
            "valueMac": {
              "type": "Buffer",
              "data": "CcRWdlMu2xqCpY8IgbkQmTeei1oFwt9+qz8jMGoN8F8="
            }
          },
          "sw4Vp3RiJiGP7lyDxgtsYAc6YFsGYI4u1brL1phB2VA=": {
            "valueMac": {
              "type": "Buffer",
              "data": "ikQGQsRfYDbbFGiaBsk0Pcc4LN8CS2C9BweOLx7tLuM="
            }
          },
          "s9F9kUlavSDoRuxI7DHWj82bnmX1xqXyiSv8of+C7Ek=": {
            "valueMac": {
              "type": "Buffer",
              "data": "P4hmvREhzJr+1ce1wa0x6tfSaEreKOcbVL29JEjqjJg="
            }
          },
          "tY/VI8TjCRa5DMuKRJWyY5vI9forpMUT5uw1d05p3g0=": {
            "valueMac": {
              "type": "Buffer",
              "data": "ABuygmj91GWWF0xfxJyMse5yY5p8UfXx2ZAxKeUqK4Y="
            }
          },
          "uP9YCoVv0/jeqBXVjHjG61UfbcgJm8FCHCBsx7YVJgY=": {
            "valueMac": {
              "type": "Buffer",
              "data": "1p/FAmYhB6qau3XfB622BiAiVV1vBB7DpJgc6bVZoKI="
            }
          },
          "unXBKl7+0XSFWPc0Np/Jjae70rBKON/uAYG1B8lJDjM=": {
            "valueMac": {
              "type": "Buffer",
              "data": "4voGtLZQ5RTZo9OUngyMb7nCIg1gpg5PdWocHJ059tI="
            }
          },
          "vGyuHbpV11eirGfZQWPeyGSNUIx2RLaDuZDOb0cD0HI=": {
            "valueMac": {
              "type": "Buffer",
              "data": "9cuq7UZD2+gjZxHJDTrgbjeld3a+Aaw0ecqr1wI20dw="
            }
          },
          "wMd9IfRh5JYhAzifhi4qWx6AdqzLnis+Tq/Oaiaxv7A=": {
            "valueMac": {
              "type": "Buffer",
              "data": "eZucph9IJaN6v3c/I0zoXW3TdcswCEUxUZUvoyFJdcc="
            }
          },
          "wWGSQN7eudfnclNyd39OFqpnXxCaqPixtVGWHtm+VPg=": {
            "valueMac": {
              "type": "Buffer",
              "data": "dE5CZMBUucxhoUsdgmBieZ/QWGaa30EggOc4C7Rwh1I="
            }
          },
          "wie8d1/VX0wRgDCpGTi/5shxfBD/lOIrkiEYf04g+xE=": {
            "valueMac": {
              "type": "Buffer",
              "data": "Fmv5IeFsOCD9R9fSqsxz+/IIDRqJmlsFRwnwCzOC8X0="
            }
          },
          "wigS97UL4sEApC7JGXtTVTjyag3To+y01UJDjMGKZQU=": {
            "valueMac": {
              "type": "Buffer",
              "data": "lM6tjrNdxSokCXIL9Q5srf1L8UIgw6lOt/9h8eQg5co="
            }
          },
          "x5lJoUqkbpo5z0zGhFz1tk+TygCeeYjYLOSmDwazla8=": {
            "valueMac": {
              "type": "Buffer",
              "data": "37Q1i/7Z09NkYPYSk0iNsxhNNNKCH8ePiwMCzitbJII="
            }
          },
          "ygVwgHAI0lJx2a3oKItfVmtPJ82yqW/urxdMrJTVEdc=": {
            "valueMac": {
              "type": "Buffer",
              "data": "aIwXHhpcrBG1uoQi9XiJJWcWLvXE2Jp0Zb7gxmVzHRg="
            }
          },
          "z9874Y5mqfxTY36LDzrBFVTFC6ePvyFQOvOSJSJ57hg=": {
            "valueMac": {
              "type": "Buffer",
              "data": "BtJVBfrHzjwCHYYJUuLpSKdOXDZYT826DULkvsUcoKc="
            }
          },
          "0jJqY5wr5M4QAPOaqFfnKmhcCzCkzrMiNqO79FHWpJA=": {
            "valueMac": {
              "type": "Buffer",
              "data": "26xv0vI9Tp0BAHtut5VjxdKBxOrNOEzm+Jur8fA0Ta8="
            }
          },
          "0y1yhOtsCd+7b9EDVpJJUvXuzh3HdRNjz/+QY2qk4h0=": {
            "valueMac": {
              "type": "Buffer",
              "data": "z00jk0iPB26KiAOWSLXuMMe/lA9CXrMYxkOM5px/Zoc="
            }
          },
          "0+hsV1XTzq6U4niHiHNNmtOxRWSosstzpFxObks0p/A=": {
            "valueMac": {
              "type": "Buffer",
              "data": "5GAe610yNepYLkrNxL3h8ErXQG5UmkZclwKXIrsAZvc="
            }
          },
          "15Hh9+e2m4+Yrs/zlv82ey/WGApLqOBpDL7QUK0okco=": {
            "valueMac": {
              "type": "Buffer",
              "data": "ebyq/VSOpHQcBuoW8m3tiEoFmY5fwgp7ljQWfn9X3SY="
            }
          },
          "2AKSLbVGy9eNPiw9tqDDDyZ0HRCHUOl8i/Bg4hsQNJQ=": {
            "valueMac": {
              "type": "Buffer",
              "data": "ma8mTAFoe9EUbwAsjtamfWt0hL16j2P7nhW7ZBfrsMc="
            }
          },
          "3idrIb2LZZU+Fv6AdOHrkTdXvvebAGMPlA+2RBOU5V4=": {
            "valueMac": {
              "type": "Buffer",
              "data": "X7UaFd2ZDPN8HE/kfljh3P3vfuSeJPQuQjPtmXkpmgY="
            }
          },
          "3/AxnoYVNQt//vI2sirton9aTFrffYal/EDENRNPXD4=": {
            "valueMac": {
              "type": "Buffer",
              "data": "FRD6V2A8bN8B07mM4lzFhf1mFEs4ZxSBGJGhXpDWcVA="
            }
          },
          "4Mey1MnnDmExg9lSu81sS7X9pKsPcXNSl+je6mDN7/k=": {
            "valueMac": {
              "type": "Buffer",
              "data": "XASh3dA5RaozSWzV6zf3SKM7wO/hr6RC+MeIUvGJAwg="
            }
          },
          "4YKI110XvLN7wStGQ1qIKjnum42iyqC7UhiF4H0xJf8=": {
            "valueMac": {
              "type": "Buffer",
              "data": "325OORWxIq9qgYayC8Jx7yG2I4ZPx/+EgIfE9G8W1WE="
            }
          },
          "6cJP9hPjIZoealw5tmIWIBf/tZfrlWyFqigo4gDY8LY=": {
            "valueMac": {
              "type": "Buffer",
              "data": "VO96ORSmgmqoh56hi4WA7LqIgF/9CPOf7XiFVgj6wUM="
            }
          },
          "6lBCi98FYRrKdsfupSWe2vui0IEUV/P2UB8Uyaei8Ic=": {
            "valueMac": {
              "type": "Buffer",
              "data": "A2ttRKmg0v0Y3DI5VY1Iu4o+HFhkq63hpMPMyPnVNWA="
            }
          },
          "7eTbulrM4zLdgtO6zRd504WocT/fuWqyDKbU4KEEe/4=": {
            "valueMac": {
              "type": "Buffer",
              "data": "RkgKIWh0LrS0NT/1a+hSKJtpogodR4LES+BAhfvwN7c="
            }
          },
          "7wjVv6eQu1KVBfjr2dJIX8pX60LCBmk5W2+IAeA5YJs=": {
            "valueMac": {
              "type": "Buffer",
              "data": "0Vy4zW/mrNZSfB4Sll8PjrWSX55wnzHc5HHDpzySEBY="
            }
          },
          "8CpHqcz39Tau0EZ281Ba1i68/6LzJ2WobqkpfNeq9Ds=": {
            "valueMac": {
              "type": "Buffer",
              "data": "IqQFy5S0ygCGgkWhvsuvi81MvFJwJR+iIjouAVZ2ydo="
            }
          },
          "8HWZnA3JZsoevEpN73fL6l3Z/WgW/oj5ABFesDDGbyo=": {
            "valueMac": {
              "type": "Buffer",
              "data": "VvsEPyCVLsdt/dwdiWpzRWv7bUsItz9SczI1vXeO17U="
            }
          },
          "8XiFNZ4KFsAaPRxzj7moW1WFUCyQ97mKtKuAiq+zBQs=": {
            "valueMac": {
              "type": "Buffer",
              "data": "me2oQYWXUYR8vypF2v2jmfo1TvZQ7CPTYtdg3NoKsj8="
            }
          },
          "9Jh8eh1qOq/TuIrZJKrAdUo1yOEPQZeOv2w58rZ9Ozk=": {
            "valueMac": {
              "type": "Buffer",
              "data": "jMbp8Oc5sGYAYqmZVuqDKDA8ucXCEYnyGxp3vZYAZNI="
            }
          },
          "96igcCgqGYHewLJwy67a6PlTnyqdo3PBquYOyiXjcj0=": {
            "valueMac": {
              "type": "Buffer",
              "data": "1EOBgf6mCOOci68X27G2vA/hL95KGaRRpLlo768PfDo="
            }
          },
          "+7x0ZoO4kjGm8A+MYrZEXXUd8RjgX6161MTq8lQ/jeI=": {
            "valueMac": {
              "type": "Buffer",
              "data": "0euhpLGnPH30LyjZdcnLTyC+n3KGiF9seQYybgYJzcM="
            }
          },
          "/xQiezSoSU/pr7vkw9qbfOvI65vj6oBFN2fCABAivDg=": {
            "valueMac": {
              "type": "Buffer",
              "data": "7hJQIuiQsIIhfTXbITxI50bCZgjl9ODVSNZ0Y7pOtJY="
            }
          }
        }
      },
      "regular_low": {
        "version": 1,
        "hash": {
          "type": "Buffer",
          "data": "fAgCmlkidMP9akDAs9bwGkdDo6NPpcWQNZOypl8CCBHQrSwFf6xGxbXjkiVqzP4fvlJsQkQJj6knJmV5RnOdBs4xtJIbFQlWsZiFSsPiiz9uFgYHMFTRW8IK3tputEs0r5YNeHS8mE3uCGhM/QmMiWl2f8FcyeRlYUijAmzLCDw="
        },
        "indexValueMap": {
          "TE4MKcPh5Co970Lnpk2PL5weDXm4xdLq11Ud4lfECtk=": {
            "valueMac": {
              "type": "Buffer",
              "data": "1NnJ7ym1XqRScy327mm80l7oZ/J3JYBdTYi45wkfCtM="
            }
          },
          "WxcMgdk2UXSX6SK/VTRROq1GxVSxtpyLHDGMBXVSuWE=": {
            "valueMac": {
              "type": "Buffer",
              "data": "EVCihIm2m0kFbyXEH3HCIGwQCQhCeAUbqlm+VplMGas="
            }
          },
          "T8CKnmYKEGXu0/IMXLxQJI5HFX6ooHhtCZ+FsvQwWcY=": {
            "valueMac": {
              "type": "Buffer",
              "data": "ciwwj3uhdg8vfvGztQxgjlWEnjnQ39gdVee3LZiYsDg="
            }
          },
          "tahUh84nIfcuf+p/pCycRNeb1uk4MR0FGeajKphUfjg=": {
            "valueMac": {
              "type": "Buffer",
              "data": "xs5Sbg2ecU93MmtyMLqpnxS/D9ZHl6BVVF/E82cT/LU="
            }
          },
          "Ft7rwQd4CVAeH56d4ICPJC+A2aIlnvU/0rL1mkyYE+A=": {
            "valueMac": {
              "type": "Buffer",
              "data": "CYmK7is7JaxmSmyUWAxP+CIUvKj4jODBgJupDKkPQrM="
            }
          }
        }
      },
      "regular_high": {
        "version": 1,
        "hash": {
          "type": "Buffer",
          "data": "+Y7pzeA60HKfxJIoiSHjIM4nJavz5BNOpY+v/hZTaWoSueKuerbZOTNYDs4tHzYjMLncXUzcCG24OC/kMgl0QRhO7JxmWxOPnbQIo//YQkKxeOPV41YFg1afwGM9NBAPoQoVDpYT0oSN0+S5kSGq/lQWGvMFvKBVED+W5+NaqJU="
        },
        "indexValueMap": {
          "6vmQR6MWqvf5fJX8n1vxNa89GLHksnhPnXjhrfxdp1k=": {
            "valueMac": {
              "type": "Buffer",
              "data": "K5kXi6+u80/vVApPt2n20VVBG8aKmd3wJLk5DcefFag="
            }
          }
        }
      }
    },
    "senderKeys": {
      "120363039368116007@g.us::6285520708284::0": [
        {
          "senderKeyId": 1119018571,
          "senderChainKey": {
            "iteration": 19,
            "seed": "FyIO0QC4q8cnizC5pT72qNqaYW/ZxFLtykPUspKHi10="
          },
          "senderSigningKey": {
            "public": "BdHb9EfuyPkzVBjUjTRYnudp59EY3bkCY5AMexZCLeBc"
          }
        }
      ]
    }
  }
}